"Step","env_name: myoLegHillyTerrainWalkT2A-v0 - rollout/ep_rew_mean","env_name: myoLegHillyTerrainWalkT2A-v0 - rollout/ep_rew_mean__MIN","env_name: myoLegHillyTerrainWalkT2A-v0 - rollout/ep_rew_mean__MAX","env_name: myoLegHillyTerrainWalkT2Apca-v0 - rollout/ep_rew_mean","env_name: myoLegHillyTerrainWalkT2Apca-v0 - rollout/ep_rew_mean__MIN","env_name: myoLegHillyTerrainWalkT2Apca-v0 - rollout/ep_rew_mean__MAX","env_name: myoLegHillyTerrainWalk-v0 - rollout/ep_rew_mean","env_name: myoLegHillyTerrainWalk-v0 - rollout/ep_rew_mean__MIN","env_name: myoLegHillyTerrainWalk-v0 - rollout/ep_rew_mean__MAX"
"8","47.357029999999995","44.47537","50.23869","43.541241","42.228226","44.854256","57.92081066666666","56.364693","59.089775"
"11","47.5337665","47.481613","47.58592","47.912073","47.633404","48.190742","57.33040866666667","55.715282","59.43504"
"24","45.605775","45.52911","45.68244","49.902269000000004","49.683548","50.12099","61.18043733333334","60.556835","61.810917"
"37","56.934544","55.603085","58.266003","52.195364","51.442684","52.948044","64.59368333333333","62.02907","66.34432"
"50","66.110575","65.45886","66.76229","66.9472505","66.093445","67.801056","67.46621533333334","66.98372","67.86194"
"63","75.613095","73.0526","78.17359","77.51787","75.42842","79.60732","68.84973833333333","63.66375","72.33254"
"76","96.0877725","94.073425","98.10212","93.1594225","91.116615","95.20223","73.13458333333334","72.11484","74.7791"
"89","109.92410799999999","109.41994","110.428276","111.343655","110.345","112.34231","80.06400666666667","75.32975","85.00371"
"102","119.9631875","118.70632","121.220055","119.496715","119.42526","119.56817","80.35229","78.84972","82.59482"
"115","138.468545","130.39394","146.54315","132.193785","130.12947","134.2581","86.05743","82.38216","92.73424"
"128","151.47252500000002","149.23415","153.7109","149.599775","147.62384","151.57571","88.62100166666666","84.147285","91.65909"
"141","159.262865","158.44681","160.07892","161.89547","160.8085","162.98244","92.94050833333334","89.79209","95.01442"
"154","168.51396999999997","167.46593","169.56201","168.65703000000002","167.3881","169.92596","96.93067333333333","90.84691","104.62494"
"167","178.02613","176.47346","179.5788","178.937675","178.33957","179.53578","104.39168","103.26784","106.15205"
"180","182.334205","179.61098","185.05743","186.75862999999998","184.71425","188.80301","110.48150033333333","107.121155","113.905876"
"193","189.354445","184.58221","194.12668","191.0147","190.99551","191.03389","119.46733","117.79211","120.99487"
"206","197.52781","196.90364","198.15198","199.901845","199.3471","200.45659","123.88486333333333","123.5449","124.06887"
"219","204.682005","202.6165","206.74751","201.37498499999998","199.23581","203.51416","126.67894666666666","125.4002","128.77829"
"232","210.739265","210.37729","211.10124","210.61266","209.76682","211.4585","133.18662333333333","127.72543","137.0637"
"245","215.88425999999998","215.31752","216.451","216.200675","213.70645","218.6949","142.22377666666668","136.31667","145.89099"
"258","221.358835","218.78485","223.93282","219.422795","218.1766","220.66899","145.00185000000002","141.59763","150.04591"
"271","227.38952999999998","224.2035","230.57556","224.969565","222.3602","227.57893","155.84615666666664","145.89307","160.8251"
"284","236.44957","235.39548","237.50366","232.70300500000002","232.49721","232.9088","160.84231","160.48131","161.23123"
"297","241.40732500000001","240.70415","242.1105","236.566855","233.39102","239.74269","165.25846","161.24792","169.45793"
"310","249.480325","245.32004","253.64061","243.91478","242.70613","245.12343","170.8242766666667","168.54866","172.4524"
"323","252.875745","249.16986","256.58163","243.830565","243.56047","244.10066","174.12173999999996","171.28748","178.09753"
"336","259.74244999999996","256.5342","262.9507","250.95200999999997","250.61368","251.29034","179.45318333333333","178.44244","179.97438"
"349","264.97711000000004","264.50537","265.44885","256.886565","256.67685","257.09628","183.33842","180.65819","185.65732"
"362","268.224835","268.03027","268.4194","263.20404","262.58084","263.82724","187.07801666666668","185.69403","188.1562"
"375","273.3145","273.009","273.62","268.358305","268.01904","268.69757","191.38251666666667","189.28471","192.47487"
"388","281.07805","280.48007","281.67603","272.439655","271.43973","273.43958","193.37439000000003","191.46802","195.10753"
"401","285.7069","285.0265","286.3873","276.388875","275.50565","277.2721","197.91806333333332","194.51465","200.84087"
"414","286.559935","285.63495","287.48492","278.72131","277.83972","279.6029","203.07123333333334","199.9462","205.3475"
"427","294.3351","294.13504","294.53516","286.88069","286.09253","287.66885","203.60495333333333","202.52054","204.5576"
"440","296.32908499999996","295.27792","297.38025","287.887915","286.6858","289.09003","206.14199666666664","204.53554","208.28555"
"453","302.35303","301.71332","302.99274","293.33731","291.25714","295.41748","214.26478666666665","212.12566","216.81154"
"466","301.36850000000004","301.13287","301.60413","296.26428","293.88092","298.64764","214.08046666666667","212.97417","214.74585"
"479","306.73135","306.54922","306.91348","301.06263","299.19266","302.9326","222.61311333333333","220.30785","224.60754"
"492","308.3633","307.13004","309.59656","304.68226000000004","303.2502","306.11432","221.0193433333333","220.63528","221.40938"
"505","313.21411","312.3482","314.08002","308.702765","306.55643","310.8491","226.83903999999998","225.87195","228.38257"
"518","315.178545","314.62674","315.73035","313.836075","313.12778","314.54437","231.31659666666667","229.59334","232.5943"
"531","317.98037999999997","316.01288","319.94788","317.889485","316.9394","318.83957","236.34762","233.64784","237.7981"
"544","321.02590499999997","320.35696","321.69485","320.560315","320.1979","320.92273","242.00047000000004","240.19905","243.1374"
"557","324.343995","323.91644","324.77155","321.220875","319.3158","323.12595","244.18558666666664","239.08478","247.81871"
"570","328.516415","327.88525","329.14758","325.840825","323.2938","328.38785","248.28576999999999","244.29291","252.33357"
"583","327.627485","327.5595","327.69547","333.43035","333.3302","333.5305","250.25267666666664","247.25156","253.10248"
"596","332.033525","331.14398","332.92307","333.694435","332.52567","334.8632","256.68590333333333","254.35934","257.97452"
"609","335.08414000000005","334.95093","335.21735","336.700065","335.49973","337.9004","259.86926","257.9031","261.08224"
"622","338.52764","337.9517","339.10358","341.64083","339.1439","344.13776","260.79796000000005","257.1538","264.30115"
"635","338.97186","338.16708","339.77664","344.57736","343.75714","345.39758","264.82185000000004","262.20392","266.89395"
"648","342.84088499999996","341.3592","344.32257","348.909365","346.54355","351.27518","269.26948","265.60504","273.0874"
"661","344.17395999999997","342.9421","345.40582","350.66274999999996","349.66168","351.66382","275.6945666666666","273.5558","279.08652"
"674","347.27830500000005","346.43497","348.12164","355.009835","351.8235","358.19617","278.52407999999997","276.3722","282.74722"
"687","349.08299","348.1098","350.05618","361.1394","359.26614","363.01266","277.69692","270.7381","287.63522"
"700","351.760375","349.89532","353.62543","364.083435","362.39417","365.7727","283.56106","280.1332","286.70798"
"713","354.38803","352.15964","356.61642","367.121325","361.74677","372.49588","288.1378466666667","285.58737","290.76477"
"726","357.51442","355.56024","359.4686","373.43021","370.4101","376.45032","292.6128566666667","287.10437","296.14426"
"739","358.12471500000004","357.00153","359.2479","375.34729","373.04724","377.64734","292.8027266666667","288.94678","295.0471"
"752","359.51481","356.5425","362.48712","381.92917","381.08817","382.77017","296.0931033333333","294.7571","297.76663"
"765","360.70426","360.04752","361.361","386.50662","384.7344","388.27884","298.9160866666667","298.81522","299.03897"
"778","363.344055","361.85403","364.83408","392.90110000000004","389.3677","396.4345","303.47952333333336","302.0988","305.7499"
"791","365.12915","363.332","366.9263","397.37694","395.6312","399.12268","306.35359666666665","301.98557","311.99597"
"804","367.960435","366.13843","369.78244","404.517945","404.07092","404.96497","308.71451666666667","307.36987","309.78674"
"817","369.498915","369.41516","369.58267","410.88883","409.96466","411.813","315.41633333333334","311.731","318.64813"
"830","372.191235","371.51657","372.8659","414.58588","411.23166","417.9401","315.64334333333335","315.10178","316.51062"
"843","374.07480999999996","373.7994","374.35022","422.420425","418.77185","426.069","317.01539","313.048","320.94992"
"856","377.30858","376.66736","377.9498","426.571785","422.28427","430.8593","321.5678633333333","317.85248","327.40323"
"869","379.255355","377.57898","380.93173","434.77628500000003","433.0172","436.53537","324.43458333333336","322.8065","327.19882"
"882","381.06714999999997","379.10226","383.03204","440.098615","437.09573","443.1015","327.77153","323.84692","332.38007"
"895","384.07028","383.1586","384.98196","446.003985","443.56815","448.43982","329.18178","324.55154","331.60104"
"908","386.310365","385.37543","387.2453","452.030285","450.88815","453.17242","333.52991000000003","330.1273","335.49356"
"921","386.68807000000004","384.8892","388.48694","460.73816999999997","458.12244","463.3539","339.56482","338.62726","340.31598"
"934","390.50993500000004","389.24887","391.771","468.324785","468.22632","468.42325","337.91660666666667","335.98212","339.4193"
"947","392.17635","390.641","393.7117","472.733825","464.25812","481.20953","344.1187366666666","340.53915","349.67136"
"960","393.42888500000004","392.00797","394.8498","479.11493","476.9968","481.23306","347.89101","345.78296","350.49197"
"973","395.1234","392.71915","397.52765","486.84633499999995","482.68127","491.0114","350.93534999999997","345.90402","353.52313"
"986","397.812775","395.52393","400.10162","497.39523499999996","494.085","500.70547","354.2369366666667","352.9974","355.87198"
"999","400.463255","398.80304","402.12347","508.93946500000004","507.34473","510.5342","362.9794100000001","359.74292","366.04858"
"1012","403.39386","401.41446","405.37326","515.97722","511.4896","520.46484","365.68909","363.3704","369.87564"
"1025","404.92939","402.01938","407.8394","523.3297","515.9574","530.702","373.23353333333336","370.53238","376.07852"
"1038","392.74423","377.97006","407.5184","532.6657","524.3806","540.9508","371.55187666666666","366.08707","376.68106"
"1051","400.96621500000003","390.6607","411.27173","540.70848","532.6691","548.74786","378.71962333333335","377.77585","379.97546"
"1064","401.97113","391.39874","412.54352","553.2940000000001","546.4605","560.1275","383.91618666666665","380.75104","385.6585"
"1077","407.24073999999996","397.2822","417.19928","559.64398","559.2965","559.99146","389.00622666666663","384.83554","391.97144"
"1090","411.38998000000004","402.39944","420.38052","576.6290799999999","568.70966","584.5485","393.59005666666667","386.62164","399.5733"
"1103","412.71653000000003","403.79706","421.636","587.875","586.39716","589.35284","400.3441133333333","393.87402","403.6712"
"1116","416.16343","407.4854","424.84146","597.1856700000001","594.5008","599.87054","402.82259","400.28598","407.07202"
"1129","417.84685","409.94214","425.75156","606.51053","602.3053","610.71576","411.10419666666667","408.17358","413.74875"
"1142","420.906685","413.0587","428.75467","625.66907","623.47144","627.8667","409.0083333333334","402.75043","415.16135"
"1155","421.03215","411.8798","430.1845","640.8660150000001","638.03973","643.6923","417.92583999999994","405.09503","427.24652"
"1168","424.13703499999997","414.18747","434.0866","647.895565","646.21313","649.578","433.15961666666664","425.48523","443.86307"
"1181","427.224925","419.1542","435.29565","663.8807850000001","650.84717","676.9144","434.3217466666667","424.94794","445.55316"
"1194","407.40207499999997","378.16705","436.6371","681.6265000000001","669.4876","693.7654","446.8593066666667","439.41547","456.31195"
"1207","425.824635","411.5308","440.11847","690.205065","672.9271","707.48303","444.9874966666667","440.25403","447.7825"
"1220","428.4344","413.69107","443.17773","707.512665","692.51953","722.5058","451.75426666666664","442.7169","465.44846"
"1233","431.35720000000003","418.3066","444.4078","720.41373","704.77386","736.0536","457.7076633333333","444.14188","475.78476"
"1246","431.338975","417.49823","445.17972","738.17995","723.1513","753.2086","461.52750999999995","451.90308","470.77997"
"1259","435.06525999999997","421.20184","448.92868","746.8816750000001","735.22955","758.5338","467.5995966666667","458.38818","475.87463"
"1272","436.80521","423.46042","450.15","761.8115","743.056","780.567","470.3783166666667","460.23627","483.0939"
"1285","440.344805","426.20798","454.48163","772.1278199999999","750.8793","793.37634","476.3685433333333","466.50458","489.58243"
"1298","439.84032","425.7418","453.93884","782.534725","765.02765","800.0418","483.38553666666667","469.96902","498.60956"
"1311","442.80638","429.60632","456.00644","794.137605","776.32086","811.95435","489.36091000000005","473.5819","504.90778"
"1324","447.44396","435.1511","459.73682","805.9555","785.5768","826.3342","497.31748666666664","481.5731","511.48483"
"1337","448.05036500000006","436.19305","459.90768","812.371625","791.2814","833.46185","499.7947566666667","485.17737","518.5916"
"1350","450.69527","438.9072","462.48334","822.33618","797.81696","846.8554","505.3485933333334","489.91992","519.504"
"1363","452.53195","440.33026","464.73364","828.98195","817.3838","840.5801","508.3257833333334","480.94943","535.3139"
"1376","455.166275","442.03317","468.29938","840.737925","822.98285","858.493","515.4326233333334","491.51297","539.9964"
"1389","457.98825","446.60895","469.36755","849.8712499999999","844.6537","855.0888","520.81724","496.09735","550.7348"
"1402","459.88691500000004","446.8627","472.91113","853.6889799999999","836.51416","870.8638","531.07731","506.94373","549.5404"
"1415","463.33501","450.84592","475.8241","860.3261500000001","841.1108","879.5415","542.7046399999999","524.2153","571.44116"
"1428","465.14288999999997","454.31268","475.9731","877.5841","864.1249","891.0433","544.6663","513.0802","568.546"
"1441","466.941665","454.79877","479.08456","889.073185","874.5528","903.59357","547.2652099999999","526.0471","573.742"
"1454","469.58217","455.7497","483.41464","891.1158","869.4682","912.7634","545.37157","525.20776","561.25635"
"1467","469.683855","455.72348","483.64423","899.561975","874.7321","924.39185","558.1668800000001","533.1954","592.01324"
"1480","472.784745","459.60254","485.96695","902.69975","875.6734","929.7261","562.92998","537.1795","591.5101"
"1493","463.51806999999997","436.9939","490.04224","910.466265","893.19403","927.7385","571.4576866666666","535.3969","599.24316"
"1506","478.118965","462.14923","494.0887","931.83554","922.52295","941.14813","578.9713133333333","548.8319","615.91284"
"1519","480.03387499999997","465.53647","494.53128","924.606835","912.0435","937.17017","583.5625333333334","551.21014","614.8289"
"1532","482.891635","468.19247","497.5908","932.49822","925.51074","939.4857","589.9816133333334","561.09094","624.7883"
"1545","484.64239","471.37778","497.907","950.1831500000001","926.847","973.5193","596.6611133333334","552.48914","633.0703"
"1558","487.68079","474.44016","500.92142","937.178345","928.86615","945.49054","601.1049833333333","564.53845","635.8025"
"1571","489.551605","474.97226","504.13095","949.16833","928.24646","970.0902","609.0653666666666","560.7461","653.0019"
"1584","491.19569","477.21603","505.17535","981.1454200000001","979.89514","982.3957","612.7516866666666","580.2697","645.08936"
"1597","492.88975","477.3819","508.3976","974.216735","968.22107","980.2124","627.9569333333334","586.8858","670.2669"
"1610","496.76424","482.76096","510.76752","969.0331","963.5249","974.5413","637.7137666666667","595.2096","676.44214"
"1623","497.4624","484.52658","510.39822","980.75977","958.80664","1002.7129","629.6306833333333","597.1681","661.83575"
"1636","497.906525","484.89035","510.9227","996.34285","984.7424","1007.9433","636.7666333333334","603.48773","669.0748"
"1649","502.369815","489.31543","515.4242","994.786955","990.97314","998.60077","643.8604966666667","608.4234","676.63715"
"1662","504.16824499999996","492.30103","516.03546","1007.110445","995.25684","1018.96405","652.3603533333334","614.74384","691.32135"
"1675","506.76025000000004","494.6774","518.8431","1012.22065","995.7188","1028.7225","657.1871","620.9491","696.5803"
"1688","509.98362499999996","497.45255","522.5147","1018.3432","996.6041","1040.0823","668.88172","628.13666","707.303"
"1701","511.6518","500.5699","522.7337","1026.39535","1004.1166","1048.6741","669.2287","622.48346","697.1742"
"1714","513.49538","501.82626","525.1645","1026.354135","1014.25757","1038.4507","682.1470133333333","632.8544","718.4415"
"1727","514.65796","503.72357","525.59235","1036.82835","1026.9939","1046.6628","684.9931766666667","641.6222","725.02783"
"1740","517.547415","506.42963","528.6652","1042.4863","1041.2023","1043.7703","690.28478","642.76294","731.4108"
"1753","518.84747","506.71368","530.98126","1051.43075","1034.0905","1068.771","700.8675566666667","653.48334","732.37946"
"1766","523.49625","513.0769","533.9156","1034.36135","1021.0133","1047.7094","704.3865666666667","660.0381","753.2261"
"1779","524.53665","513.6155","535.4578","1050.8732","1039.1166","1062.6298","706.1002366666667","677.69556","734.9038"
"1792","525.49945","513.9604","537.0385","1075.2318500000001","1069.6543","1080.8094","710.7905566666667","666.29517","745.6093"
"1805","527.424015","515.07983","539.7682","1077.6853","1062.1561","1093.2145","718.9910333333333","677.7893","760.2098"
"1818","530.352","518.832","541.872","1074.50415","1048.1687","1100.8396","728.6337166666666","689.5192","760.65375"
"1831","532.23605","520.3736","544.0985","1084.5317","1060.5186","1108.5448","734.7546699999999","684.246","774.73395"
"1844","534.32155","522.1136","546.5295","1091.18325","1080.4948","1101.8717","734.3230833333333","686.6321","769.51715"
"1857","536.877595","524.01746","549.73773","1092.53955","1078.2311","1106.848","738.5658333333334","692.6547","775.49"
"1870","537.52112","523.3144","551.72784","1089.80645","1073.029","1106.5839","751.78638","709.4202","781.52344"
"1883","539.798865","525.02893","554.5688","1106.99125","1100.3125","1113.67","760.8521466666667","709.6683","791.62024"
"1896","542.6168250000001","525.7776","559.45605","1127.15935","1109.5022","1144.8165","754.3199","713.03076","778.5349"
"1909","545.1188","529.1705","561.0671","1114.38355","1102.4249","1126.3422","760.9548199999999","727.57916","787.6091"
"1922","548.08277","531.12354","565.042","1123.65045","1106.9467","1140.3542","768.5725233333334","733.43933","796.6624"
"1935","551.3831299999999","534.9479","567.81836","1124.02","1100.2943","1147.7457","776.3969333333333","727.151","807"
"1948","553.46108","535.2689","571.65326","1136.5099500000001","1136.0101","1137.0098","776.7507533333334","725.07556","824.2854"
"1961","555.993875","535.4908","576.49695","1133.6079","1118.073","1149.1428","783.31389","727.20044","815.36993"
"1974","558.1711499999999","538.3684","577.9739","1149.55735","1144.2395","1154.8752","792.4986333333333","737.7132","831.2256"
"1987","560.3675000000001","538.622","582.113","1158.7444","1155.8242","1161.6646","801.7508566666667","764.97437","836.2005"
"2000","562.7339","542.155","583.3128","1153.5163499999999","1151.2009","1155.8318","805.4893866666666","737.8882","847.48676"
"2013","566.14915","542.9969","589.3014","1167.20785","1166.1387","1168.277","804.7091333333333","758.2012","828.9367"
"2026","569.00388","545.9864","592.02136","1145.00485","1127.2885","1162.7212","817.4250900000001","769.89154","870.54486"
"2039","571.8362500000001","545.9406","597.7319","1176.546","1172.0742","1181.0178","815.3150933333333","768.78973","854.51605"
"2052","573.9305999999999","546.6455","601.2157","1170.65305","1162.669","1178.6371","830.1967233333334","776.2523","880.9589"
"2065","577.4896","548.092","606.8872","1188.4270000000001","1185.8173","1191.0367","817.2612666666668","769.449","859.3495"
"2078","579.2393999999999","550.2685","608.2103","1184.187","1181.3457","1187.0283","830.6965666666666","783.24084","867.27136"
"2091","583.70169","552.24225","615.16113","1170.2556","1165.1361","1175.3751","850.9297333333334","802.9205","875.5844"
"2104","586.4295950000001","554.47406","618.38513","1187.17915","1180.417","1193.9413","835.5199499999999","803.5065","865.685"
"2117","590.76828","555.52246","626.0141","1190.09985","1178.8937","1201.306","839.9225","799.04364","874.52"
"2130","594.87498","559.2264","630.52356","1208.9629","1202.4795","1215.4463","852.3928666666667","808.8835","885.883"
"2143","598.54645","560.4556","636.6373","1191.6255500000002","1186.8583","1196.3928","854.91645","811.6202","893.54675"
"2156","602.39995","562.0334","642.7665","1207.6504","1203.4758","1211.825","865.3129133333333","818.53894","897.8064"
"2169","606.232635","564.4436","648.02167","1215.08255","1207.2347","1222.9304","862.6378666666666","829.5223","884.4625"
"2182","612.3548499999999","566.4847","658.225","1211.6614","1210.2717","1213.0511","865.5897466666667","830.1751","883.7225"
"2195","616.49948","567.69476","665.3042","1222.2293","1210.8203","1233.6383","863.8818966666668","837.23486","887.51953"
"2208","620.62785","569.7117","671.544","1231.1767","1229.9197","1232.4337","878.0530100000001","843.1208","901.24023"
"2221","625.3162500000001","570.9524","679.6801","1228.09785","1225.9546","1230.2411","877.8548766666667","839.62524","904.09656"
"2234","628.6155","574.6565","682.5745","1237.11725","1236.6395","1237.595","883.7651633333334","851.89124","902.7303"
"2247","632.78702","573.9928","691.58124","1238.33005","1235.8029","1240.8572","887.1251633333333","847.13666","908.6897"
"2260","639.390465","576.73193","702.049","1242.57465","1223.9038","1261.2455","891.7911966666667","863.5816","911.75476"
"2273","642.7743499999999","578.2727","707.276","1242.1062499999998","1238.2024","1246.0101","891.7995466666666","862.64484","911.2349"
"2286","648.019","580.9829","715.0551","1254.32505","1251.3365","1257.3136","894.1834266666666","860.3853","922.77844"
"2299","656.200625","585.1565","727.24475","1255.4657499999998","1254.5535","1256.378","898.6051033333333","871.52045","919.56"
"2312","661.80017","584.64874","738.9516","1251.46605","1247.1405","1255.7916","902.4531133333334","858.73114","934.1262"
"2325","667.41032","587.37744","747.4432","1252.454","1246.1235","1258.7845","910.72518","872.4679","938.51794"
"2338","667.87082","583.30634","752.4353","1257.9993","1249.8708","1266.1278","916.8654966666667","888.23834","956.24725"
"2351","665.1414","573.7548","756.528","1270.34215","1265.5697","1275.1146","912.6527333333333","885.5174","938.2158"
"2364","679.21172","590.28784","768.1356","1269.49705","1256.9614","1282.0327","919.68889","885.2051","951.87744"
"2377","688.461735","592.4643","784.45917","1266.9873","1255.4398","1278.5348","921.7602666666667","889.6042","953.6607"
"2390","690.345175","595.91565","784.7747","1293.94805","1293.4862","1294.4099","929.6727300000001","905.49805","949.05994"
"2403","700.317775","598.66815","801.9674","1279.0970499999999","1267.9537","1290.2404","932.4184466666667","902.6452","951.7139"
"2416","702.99875","598.50214","807.49536","1284.903","1281.7827","1288.0233","935.909","897.0983","964.2612"
"2429","708.257625","601.622","814.89325","1291.5752499999999","1265.2278","1317.9227","940.8065","913.3686","957.9365"
"2442","715.238885","604.0847","826.39307","1277.92445","1274.89","1280.9589","941.4275766666666","915.4689","963.14923"
"2455","718.92225","606.9055","830.939","1288.8441","1288.4083","1289.2799","940.4228166666667","907.84625","972.7366"
"2468","724.9521649999999","609.44763","840.4567","1325.8886","1323.1342","1328.643","946.4556033333333","919.28577","967.98694"
"2481","727.70465","613.10364","842.30566","1309.9031","1307.2571","1312.5491","947.8941233333334","926.03107","960.2718"
"2494","729.076815","613.87177","844.28186","1332.2588500000002","1325.2788","1339.2389","956.8905933333334","929.6409","983.34564"
"2507","734.4187300000001","618.2127","850.62476","1322.3165","1320.45","1324.183","958.4614633333332","931.90674","982.16675"
"2520","741.704425","621.9365","861.47235","1340.6029","1326.9481","1354.2577","951.7064466666667","929.8406","962.6762"
"2533","746.377875","623.58295","869.1728","1335.80045","1323.7211","1347.8798","962.6110199999999","924.65076","997.4229"
"2546","746.48245","625.7372","867.2277","1307.22155","1300.9923","1313.4508","972.1048566666665","950.25433","1005.75574"
"2559","750.7572749999999","629.3312","872.18335","1318.9102","1312.2406","1325.5798","968.8134466666667","933.35614","997.8088"
"2572","759.0092649999999","630.9907","887.02783","1333.2444","1324.196","1342.2928","961.9901666666666","945.27625","980.3176"
"2585","763.26917","632.28894","894.2494","1366.52565","1350.734","1382.3173","970.48299","949.88116","981.05945"
"2598","768.0978299999999","640.85266","895.343","1357.28655","1339.423","1375.1501","971.7127433333334","956.3186","979.90173"
"2611","773.1507799999999","641.838","904.46356","1338.0358","1323.7739","1352.2977","977.3152799999999","958.97754","1002.7682"
"2624","778.502665","647.49243","909.5129","1365.56225","1360.4235","1370.701","988.6920866666666","971.8982","1000.2029"
"2637","779.178085","649.15607","909.2001","1356.18655","1345.1451","1367.228","998.1932866666666","979.0871","1020.5483"
"2650","788.1235","655.5637","920.6833","1365.65625","1353.2548","1378.0577","994.1617733333334","969.42096","1011.95496"
"2663","794.656485","660.11127","929.2017","1360.6419","1343.0168","1378.267","990.3438166666666","972.90015","1022.4181"
"2676","796.37833","663.47546","929.2812","1360.9121","1343.7743","1378.0499","1001.8919833333333","976.0683","1026.1469"
"2689","801.700815","667.79803","935.6036","1360.8774","1352.1855","1369.5693","991.1743666666666","976.3696","1014.5896"
"2702","805.9442200000001","671.0207","940.86774","1366.3613","1354.2","1378.5226","995.65432","963.28284","1017.98627"
"2715","813.782915","679.76733","947.7985","1382.1937","1358.5616","1405.8258","991.159","964.9238","1009.7304"
"2728","819.1167","681.8426","956.3908","1374.66305","1371.3478","1377.9783","1009.73099","987.8705","1030.1382"
"2741","830.14185","687.116","973.1677","1359.6311","1352.506","1366.7562","1018.3786","1003.7807","1029.1587"
"2754","832.46003","691.77606","973.144","1390.7411","1386.0145","1395.4677","1014.4685799999999","998.65314","1030.31"
"2767","840.669715","698.41693","982.9225","1425.6448500000001","1418.6305","1432.6592","1019.7879333333334","1009.3368","1028.1857"
"2780","844.10298","703.27026","984.9357","1389.02885","1387.4923","1390.5654","1017.7849466666667","1007.2685","1036.374"
"2793","849.7874300000001","709.52826","990.0466","1402.41445","1357.5154","1447.3135","1022.1109333333333","999.7466","1037.0045"
"2806","860.26605","713.0893","1007.4428","1426.9904999999999","1422.2924","1431.6886","1018.9757166666667","1005.86865","1030.725"
"2819","866.98471","717.83575","1016.13367","1393.2768999999998","1368.2784","1418.2754","1023.2042299999999","1006.95544","1040.7239"
"2832","879.9392500000001","728.4577","1031.4208","1415.25385","1407.2775","1423.2302","1039.4445","1025.1005","1052.9553"
"2845","876.57197","726.02264","1027.1213","1433.44405","1430.5719","1436.3162","1034.1914333333332","1016.3001","1043.9532"
"2858","876.70755","735.8657","1017.5494","1411.2325500000002","1406.1128","1416.3523","1037.1656666666665","1025.9585","1058.8984"
"2871","890.62645","738.4996","1042.7533","1412.09465","1398.5144","1425.6749","1040.4171666666668","1031.8312","1056.0426"
"2884","899.079515","750.87103","1047.288","1435.6073000000001","1421.4282","1449.7864","1039.8507666666667","1027.8755","1062.3352"
"2897","910.23675","755.2331","1065.2404","1440.6188","1438.7092","1442.5284","1042.7607","1012.1343","1069.0516"
"2910","910.7425000000001","761.3274","1060.1576","1414.76235","1408.5037","1421.021","1049.4296333333334","1037.3208","1064.6464"
"2923","916.2129","767.5247","1064.9011","1437.7458","1424.9196","1450.572","1059.1551666666667","1046.4468","1075.1323"
"2936","919.09575","770.666","1067.5255","1423.9099999999999","1396.7938","1451.0262","1047.3612333333333","1027.0189","1058.4209"
"2949","936.4658","776.1098","1096.8218","1466.4308500000002","1443.6221","1489.2396","1059.4338666666665","1041.519","1084.0217"
"2962","939.70425","782.6385","1096.77","1459.4988","1441.4536","1477.544","1056.9228333333333","1043.8822","1071.283"
"2975","948.9137499999999","797.8683","1099.9592","1436.12975","1427.5808","1444.6787","1051.4849","1045.7094","1063.0256"
"2988","951.74532","794.65594","1108.8347","1450.0106500000002","1446.6113","1453.41","1067.3039333333334","1042.2988","1095.9801"
"3001","956.23415","804.0207","1108.4476","1455.27155","1433.0271","1477.516","1067.7384666666667","1048.7083","1092.9005"
"3014","962.95808","813.83356","1112.0826","1492.9246","1484.7415","1501.1077","1068.7457000000002","1052.5131","1093.0319"
"3027","971.98162","821.91364","1122.0496","1478.35615","1456.3875","1500.3248","1071.8344666666667","1051.5297","1090.4827"
"3040","972.6213","821.1889","1124.0537","1491.90715","1488.451","1495.3633","1077.1381000000001","1058.5963","1089.7068"
"3053","983.6869","826.2038","1141.17","1439.9385","1435.7999","1444.0771","1085.3584666666666","1072.3481","1094.6669"
"3066","983.1729250000001","828.08685","1138.259","1493.06865","1489.4958","1496.6415","1080.5036","1065.1423","1092.489"
"3079","988.5146500000001","834.4524","1142.5769","1481.2689500000001","1460.7211","1501.8168","1084.7021666666667","1076.5988","1090.0692"
"3092","1000.54245","840.0527","1161.0322","1490.6236","1486.1306","1495.1166","1093.5748999999998","1077.3673","1109.1299"
"3105","1010.91023","851.85736","1169.9631","1499.69375","1461.9119","1537.4756","1090.1098333333332","1066.893","1108.7141"
"3118","1017.9415300000001","856.30676","1179.5763","1501.1354000000001","1499.9817","1502.2891","1099.0613333333333","1083.2822","1115.9312"
"3131","1020.4054699999999","855.55444","1185.2565","1491.46175","1451.8987","1531.0248","1088.7597666666668","1076.8557","1101.0376"
"3144","1029.1826999999998","861.4755","1196.8899","1530.2644500000001","1515.3125","1545.2164","1098.9414","1081.666","1109.205"
"3157","1030.197775","861.55225","1198.8433","1522.21045","1517.4446","1526.9763","1100.8266","1089.4001","1122.1566"
"3170","1035.3772999999999","870.2741","1200.4805","1518.3316","1510.8384","1525.8248","1106.9317666666666","1086.7253","1124.9468"
"3183","1036.10035","868.2909","1203.9098","1524.1079","1485.1571","1563.0587","1102.8276333333333","1061.4401","1131.426"
"3196","1043.1115300000001","880.33936","1205.8837","1535.73775","1496.0675","1575.408","1104.1634333333332","1085.7845","1130.2882"
"3209","1045.80975","879.6837","1211.9358","1538.8306","1491.1041","1586.5571","1103.2106999999999","1074.9213","1131.5033"
"3222","1059.47425","886.7287","1232.2198","1545.374","1468.1654","1622.5826","1110.9464999999998","1087.2183","1131.2332"
"3235","1057.0267000000001","890.5873","1223.4661","1540.0315500000002","1532.3279","1547.7352","1125.5631","1107.0908","1139.4075"
"3248","1062.08645","897.8941","1226.2788","1523.12085","1491.207","1555.0347","1108.3184666666666","1088.9221","1120.5586"
"3261","1075.81415","902.1401","1249.4882","1531.95705","1517.922","1545.9921","1117.8985333333333","1105.1146","1132.2236"
"3274","1071.17455","901.385","1240.9641","1535.335","1487.7762","1582.8938","1116.0159666666666","1086.5936","1138.6261"
"3287","1074.5672","908.2782","1240.8562","1540.2818","1517.5637","1562.9999","1127.8249666666668","1093.8254","1155.7367"
"3300","1083.9114","914.8537","1252.9691","1552.62415","1550.9543","1554.294","1128.3903333333335","1104.0297","1148.4116"
"3313","1082.0558700000001","916.07294","1248.0388","1568.6814","1543.5735","1593.7893","1124.1154","1101.7947","1139.2781"
"3326","1093.4704000000002","920.1041","1266.8367","1644.82525","1599.0168","1690.6337","1135.7995333333333","1118.9406","1151.6952"
"3339","1097.2908499999999","921.6377","1272.944","1621.5578","1557.9702","1685.1454","1133.9613666666667","1109.3672","1161.2273"
"3352","1095.368385","929.22577","1261.511","1567.8287","1503.2512","1632.4062","1135.0834","1102.583","1152.9563"
"3365","1105.00035","936.6692","1273.3315","1602.4551999999999","1529.0754","1675.835","1138.4933333333336","1116.8958","1162.5835"
"3378","1102.24285","931.8326","1272.6531","1568.6909500000002","1530.4213","1606.9606","1136.8290333333334","1109.1863","1162.0127"
"3391","1109.403885","936.57837","1282.2294","1596.3217","1549.9602","1642.6832","1146.6578","1123.7645","1168.9381"
"3404","1114.30515","940.9749","1287.6354","1639.4312","1600.8346","1678.0278","1147.1703666666665","1131.8021","1161.5895"
"3417","1120.94345","946.8106","1295.0763","1619.5337","1600.4612","1638.6062","1140.1300333333331","1115.8516","1172.2292"
"3430","1124.67855","947.2286","1302.1285","1600.4227","1558.7125","1642.1329","1156.2886666666666","1124.4581","1180.3887"
"3443","1132.4094","957.5986","1307.2202","1669.8127","1625.1022","1714.5232","1154.0332666666666","1126.3263","1174.0253"
"3456","1129.76377","958.68054","1300.847","1627.97125","1551.7881","1704.1544","1160.3706","1132.5929","1185.6227"
"3469","1138.852325","959.55255","1318.1521","1644.5913","1566.77","1722.4126","1162.4300999999998","1133.1658","1183.2482"
"3482","1131.72065","953.6139","1309.8274","1679.049","1606.3777","1751.7203","1164.9033","1128.478","1198.0211"
"3495","1146.0541","968.0555","1324.0527","1703.731","1659.3375","1748.1245","1158.4149333333332","1127.0402","1183.1469"
"3508","1146.6408999999999","963.8279","1329.4539","1690.7822","1630.9326","1750.6318","1173.6669666666667","1158.2167","1186.4341"
"3521","1152.8293","971.5692","1334.0894","1700.77815","1612.8975","1788.6588","1160.4842999999998","1131.6036","1185.9462"
"3534","1154.6504","972.0772","1337.2236","1699.8512","1619.5874","1780.115","1164.4022333333335","1146.4539","1193.9517"
"3547","1165.742065","983.35913","1348.125","1683.7649000000001","1633.2573","1734.2725","1181.4608666666666","1158.4739","1195.4812"
"3560","1164.11425","978.9261","1349.3024","1737.789","1659.6968","1815.8812","1169.4986333333334","1161.4847","1184.888"
"3573","1161.3057","974.0437","1348.5677","1677.2875","1622.2448","1732.3302","1178.9490666666668","1164.3085","1194.6794"
"3586","1165.820075","974.05035","1357.5898","1696.4718","1634.0034","1758.9402","1184.1551666666667","1159.1068","1206.285"
"3599","1182.0944","1004.017","1360.1718","1728.7319499999999","1651.2195","1806.2444","1182.5176666666666","1167.7821","1205.7769"
"3612","1173.4812499999998","994.4793","1352.4832","1749.1731","1672.3961","1825.9501","1193.4508666666668","1162.9167","1212.8489"
"3625","1180.4762","998.7693","1362.1831","1750.1640499999999","1680.6115","1819.7166","1183.9366","1160.5173","1212.5824"
"3638","1180.14903","995.08826","1365.2098","1731.7660999999998","1672.6499","1790.8823","1185.4897333333333","1174.9377","1205.9391"
"3651","1187.28045","1002.3965","1372.1644","1751.7482","1659.3777","1844.1187","1194.1848666666667","1170.8185","1222.6248"
"3664","1198.640625","1008.76355","1388.5177","1798.451","1702.1826","1894.7194","1190.8707666666667","1174.065","1214.8933"
"3677","1193.4839000000002","1000.6648","1386.303","1761.8319999999999","1612.4092","1911.2548","1192.3653","1174.0371","1226.3573"
"3690","1203.110325","1019.12225","1387.0984","1782.08875","1693.8267","1870.3508","1204.8613666666668","1195.8849","1213.0874"
"3703","1197.74255","1010.3484","1385.1367","1801.2313","1722.6882","1879.7744","1193.9244","1175.1809","1217.3026"
"3716","1204.2794","1027.6035","1380.9553","1839.18205","1761.7335","1916.6306","1199.240633333333","1187.7454","1219.1028"
"3729","1213.74335","1023.4155","1404.0712","1812.8020999999999","1721.2842","1904.32","1208.4806666666666","1189.1475","1236.3495"
"3742","1216.82565","1028.931","1404.7203","1847.5426","1748.9457","1946.1395","1202.9883666666667","1190.1924","1217.7704"
"3755","1222.4261","1030.6272","1414.225","1863.14145","1761.9822","1964.3007","1209.3243666666667","1204.7618","1215.5585"
"3768","1223.03265","1031.7017","1414.3636","1834.35765","1715.4749","1953.2404","1215.6289666666667","1196.2653","1237.8209"
"3781","1222.1394","1028.5342","1415.7446","1836.83815","1725.487","1948.1893","1216.5309333333335","1191.1511","1245.49"
"3794","1222.7932500000002","1038.3541","1407.2324","1914.1098","1799.3037","2028.9159","1213.3990333333334","1187.0901","1240.304"
"3807","1240.74215","1044.0763","1437.408","1862.4877000000001","1764.7924","1960.183","1217.9068666666665","1194.5309","1239.3281"
"3820","1237.7274","1041.5891","1433.8657","1903.79885","1796.5004","2011.0973","1221.475","1208.0582","1246.7507"
"3833","1234.0785","1048.9075","1419.2495","1937.22165","1857.4363","2017.007","1219.1426000000001","1195.6768","1243.6951"
"3846","1237.5736","1060.0193","1415.1279","1909.6201999999998","1817.1544","2002.086","1223.7266","1182.334","1247.1224"
"3859","1252.6430500000001","1060.6617","1444.6244","1985.2361999999998","1806.2427","2164.2297","1226.5962666666667","1208.5182","1241.7594"
"3872","1246.4598","1066.0142","1426.9054","1943.4966","1863.762","2023.2312","1225.2667333333331","1209.335","1237.571"
"3885","1253.96375","1069.7935","1438.134","1981.67","1874.3651","2088.9749","1225.8233333333335","1208.3687","1245.3429"
"3898","1257.3569499999999","1072.1885","1442.5254","1980.5421","1851.9651","2109.1191","1229.2348666666667","1213.3707","1242.8838"
"3911","1265.1425","1072.5979","1457.6871","2028.87595","1871.7799","2185.972","1230.6993333333332","1217.893","1247.279"
"3924","1269.4065999999998","1081.5457","1457.2675","2050.74995","1899.4044","2202.0955","1233.5782333333334","1225.5555","1247.9473"
"3937","1267.8128","1079.8464","1455.7792","2005.0489499999999","1906.0481","2104.0498","1238.7059666666667","1215.0973","1261.3187"
"3950","1277.37265","1076.5046","1478.2407","2070.07425","1840.8915","2299.257","1242.9729","1233.8146","1257.8188"
"3963","1269.0707499999999","1086.9667","1451.1748","2056.7327999999998","1946.2053","2167.2603","1241.081433333333","1228.2953","1259.9424"
"3976","1254.7458000000001","1026.2234","1483.2682","2093.36535","1953.125","2233.6057","1249.9192","1233.5526","1270.138"
"3989","1238.267525","1010.05505","1466.48","2024.09855","1900.2435","2147.9536","1240.3993","1226.7144","1255.4746"
"4002","1257.7328","1041.2527","1474.2129","2137.24645","1956.9589","2317.534","1260.8658333333333","1247.2882","1268.134"
"4015","1272.068","1051.5713","1492.5647","2083.6179","1974.5214","2192.7144","1261.2278","1240.0352","1290.2163"
"4028","1276.35175","1063.636","1489.0675","2196.35445","1957.0151","2435.6938","1250.3344666666665","1238.5746","1272.9268"
"4041","1291.0985500000002","1081.5046","1500.6925","2144.85995","2024.8202","2264.8997","1264.4355","1248.2635","1287.1925"
"4054","1304.80235","1092.1349","1517.4698","2215.5371999999998","2010.8337","2420.2407","1259.7140000000002","1242.3024","1286.6365"
"4067","1292.55915","1100.5128","1484.6055","2164.2744","2068.6096","2259.9392","1258.8650333333335","1249.2382","1274.1261"
"4080","1308.5112","1099.6046","1517.4178","2200.27625","2068.4287","2332.1238","1257.6310999999998","1228.4749","1286.3223"
"4093","1309.4206","1110.2621","1508.5791","2209.3897","1929.2079","2489.5715","1269.4342333333334","1247.6003","1300.2361"
"4106","1311.3985","1117.4849","1505.3121","2198.94665","2065.7515","2332.1418","1277.2984999999999","1266.5529","1294.58"
"4119","1332.1458","1126.5686","1537.723","2294.1322","2114.4363","2473.8281","1274.0492333333332","1261.5831","1293.6322"
"4132","1332.54245","1134.1597","1530.9252","2290.6760999999997","2020.3417","2561.0105","1276.5593333333334","1264.3567","1298.1963"
"4145","1332.7196","1130.4497","1534.9895","2320.3734","2148.998","2491.7488","1283.0514333333333","1261.8749","1300.0287"
"4158","1337.78905","1133.9001","1541.678","2267.6039","2151.281","2383.9268","1278.4807666666666","1264.4902","1299.4313"
"4171","1343.17085","1138.2241","1548.1176","2365.64115","2155.814","2575.4683","1268.0529333333332","1245.7803","1295.1295"
"4184","1342.4026","1141.9895","1542.8157","2519.51975","2293.2617","2745.7778","1291.2471666666668","1272.6306","1318.403"
"4197","1355.409","1159.891","1550.927","2494.2678","2262.373","2726.1626","1283.9871","1269.1543","1299.5303"
"4210","1343.68005","1147.3746","1539.9855","2500.0204","2326.7146","2673.3262","1284.2521333333334","1276.1759","1300.2395"
"4223","1360.85615","1154.3683","1567.344","2512.97095","2280.1433","2745.7986","1295.9007333333332","1291.7717","1299.442"
"4236","1348.1069","1160.6052","1535.6086","2480.45995","2247.6267","2713.2932","1293.8947666666666","1283.8232","1308.7465"
"4249","1391.4462","1177.4843","1605.4081","2677.9867","2423.4827","2932.4907","1298.5138333333334","1280.7994","1314.7327"
"4262","1372.8061","1181.1487","1564.4635","2560.572","2248.1367","2873.0073","1299.2758333333334","1292.1692","1305.6617"
"4275","1384.2067","1189.187","1579.2264","2533.59545","2354.7961","2712.3948","1296.8306","1271.0013","1311.1693"
"4288","1384.6778","1186.0122","1583.3434","2455.25675","2304.1282","2606.3853","1302.3065","1282.4231","1323.1367"
"4301","1399.3085","1192.1185","1606.4985","2666.83495","2290.0193","3043.6506","1302.2367666666667","1285.0177","1316.6361"
"4314","1397.3782999999999","1202.4795","1592.2771","2665.0768","2446.1438","2884.0098","1310.8788000000002","1294.9838","1333.2686"
"4327","1397.6186","1195.6702","1599.567","2708.9333500000002","2507.8455","2910.0212","1307.7228","1286.9845","1328.4603"
"4340","1401.4846499999999","1208.4185","1594.5508","2749.8464999999997","2316.877","3182.816","1303.3879666666664","1279.2512","1329.6722"
"4353","1418.5830500000002","1223.0858","1614.0803","2799.87835","2564.3367","3035.42","1312.7589666666665","1297.8206","1325.0306"
"4366","1427.8883500000002","1220.6038","1635.1729","2759.9622","2523.5037","2996.4207","1314.7500333333332","1300.2758","1328.6368"
"4379","1401.9938499999998","1224.9342","1579.0535","2816.9193","2356.719","3277.1196","1310.3128","1299.204","1326.1117"
"4392","1436.5434500000001","1227.6101","1645.4768","2930.43795","2537.5151","3323.3608","1309.8718","1293.5674","1325.8291"
"4405","1412.1069499999999","1229.2129","1595.001","2882.52005","2438.7415","3326.2986","1329.1795","1308.4515","1349.6598"
"4418","1433.5061","1253.1151","1613.8971","3013.40185","2449.583","3577.2207","1324.0725000000002","1296.3882","1351.6003"
"4431","1424.1996","1247.9268","1600.4724","3022.7671","2486.5137","3559.0205","1334.0069","1314.9087","1345.3892"
"4444","1447.391","1264.5514","1630.2306","3266.52455","2727.6028","3805.4463","1326.2311","1302.2136","1338.487"
"4457","1465.2444500000001","1261.4303","1669.0586","3130.3385","2733.279","3527.398","1336.4298666666666","1315.7684","1346.9281"
"4470","1476.00865","1271.4298","1680.5875","3112.5976499999997","2722.2307","3502.9646","1335.3201666666666","1314.0046","1349.4438"
"4483","1477.3465999999999","1271.6716","1683.0216","3040.68105","2784.1265","3297.2356","1322.9255999999998","1301.8776","1338.5409"
"4496","1466.2655","1292.4587","1640.0723","3260.2681000000002","2740.9915","3779.5447","1328.6742333333332","1321.7985","1340.4895"
"4509","1488.9539","1282.315","1695.5928","3291.7554","2703.365","3880.1458","1331.2050333333334","1317.519","1341.3726"
"4522","1472.2971499999999","1299.3951","1645.1992","3441.2748","2971.7664","3910.7832","1342.8903666666668","1334.2798","1359.4388"
"4535","1485.3018","1313.4242","1657.1794","3678.3575","3143.085","4213.63","1343.5004999999999","1319.0276","1364.9304"
"4548","1490.80505","1313.6028","1668.0073","3504.4557","2882.8574","4126.054","1348.0682000000002","1333.7125","1358.6763"
"4561","1485.47225","1318.0594","1652.8851","3561.21425","2934.9822","4187.4463","1343.0180333333333","1336.1437","1347.4355"
"4574","1497.21815","1326.0593","1668.377","3596.2558499999996","2910.1733","4282.3384","1347.961833333333","1325.1514","1364.6191"
"4587","1478.9980500000001","1313.5975","1644.3986","3659.9838499999996","3123.3271","4196.6406","1345.9526333333333","1344.3293","1348.0204"
"4600","1530.85215","1342.1698","1719.5345","3895.0122","3147.501","4642.5234","1357.0712666666666","1351.1954","1367.3396"
"4613","1510.1655","1353.6954","1666.6356","3722.2604","3198.3918","4246.129","1355.7610666666667","1347.6964","1370.4316"
"4626","1512.30685","1367.5774","1657.0363","4050.2457","3326.3884","4774.103","1356.0148666666666","1345.0582","1371.7396"
"4639","1526.9632000000001","1360.4329","1693.4935","4159.96335","3512.7007","4807.226","1358.6147333333333","1347.13","1375.6344"
"4652","1515.99745","1368.2823","1663.7126","4033.9575000000004","3036.7944","5031.1206","1366.5648666666668","1355.3516","1382.5361"
"4665","1549.8755","1385.5685","1714.1825","4086.292","3282.5176","4890.0664","1358.6714333333337","1349.0829","1374.3331"
"4678","1556.1094","1380.2905","1731.9283","4035.2343","3438.9116","4631.557","1365.2266000000002","1354.2178","1372.3021"
"4691","1537.9589","1397.366","1678.5518","4131.532999999999","3491.321","4771.745","1374.5499333333335","1365.8036","1384.7976"
"4704","1551.11825","1395.1733","1707.0632","4392.1338","3679.2583","5105.0093","1374.3528333333334","1350.0648","1404.0822"
"4717","1547.69245","1384.2471","1711.1378","4462.15755","3424.5046","5499.8105","1384.6518333333333","1364.151","1410.2518"
"4730","1552.11645","1407.6859","1696.547","4428.2721","3621.1995","5235.3447","1389.3957666666665","1375.206","1401.7916"
"4743","1560.53305","1401.5371","1719.529","4709.20885","3813.821","5604.5967","1384.2535333333333","1359.1868","1410.498"
"4756","1570.3693","1413.5378","1727.2008","4820.6630000000005","3662.4124","5978.9136","1387.3677333333335","1369.7231","1415.7915"
"4769","1535.4639499999998","1412.5854","1658.3425","5039.8925","4250.109","5829.676","1384.4649666666667","1358.2002","1423.7343"
"4782","1571.2732999999998","1439.5009","1703.0457","5160.206050000001","4107.5825","6212.8296","1386.8548","1370.7203","1403.1787"
"4795","1572.8348","1428.6415","1717.0281","5136.74585","4086.354","6187.1377","1401.0624","1375.641","1427.1531"
"4808","1595.3361","1430.5068","1760.1654","5159.9052","4261.7974","6058.013","1397.4003","1380.8873","1427.1218"
"4821","1586.475","1429.7847","1743.1653","5025.62035","4140.687","5910.5537","1390.8482999999999","1366.0969","1410.2676"
"4834","1580.1099","1440.7751","1719.4447","5214.0177","4452.759","5975.2764","1402.4325333333334","1383.7228","1421.4956"
"4847","1594.9521","1444.0857","1745.8185","5457.21825","4431.643","6482.7935","1408.8900666666668","1389.2213","1435.5903"
"4860","1598.9200999999998","1447.9983","1749.8419","5154.72815","4370.4463","5939.01","1402.4473333333335","1383.8849","1421.362"
"4873","1567.75205","1454.383","1681.1211","5380.9236","4313.1284","6448.7188","1411.7641999999998","1391.0913","1436.9541"
"4886","1595.26915","1457.0511","1733.4872","5498.67935","4963.6177","6033.741","1402.2275666666665","1386.8727","1424.8464"
"4899","1598.4064","1473.3184","1723.4944","5346.277599999999","4239.4185","6453.1367","1407.5883999999999","1389.4924","1433.1305"
"4912","1596.09865","1485.3915","1706.8058","5222.7587","4300.8374","6144.68","1410.7614666666668","1385.1171","1442.0834"
"4925","1577.0819999999999","1473.1777","1680.9863","5615.04885","4816.2627","6413.835","1405.0245000000002","1386.498","1438.6763"
"4938","1629.3247999999999","1499.4528","1759.1968","5719.109850000001","4988.997","6449.2227","1409.8045","1395.7257","1430.56"
"4951","1610.26205","1478.7491","1741.775","6012.5405","5128.245","6896.836","1421.8999999999999","1409.6587","1444.4847"
"4964","1627.3002999999999","1481.4476","1773.153","6056.96235","5140.391","6973.5337","1414.9498","1402.6798","1435.1036"
"4977","1628.7375","1480.7355","1776.7395","5792.636","4959.2036","6626.0684","1422.2476333333334","1407.5155","1444.9271"
"4990","1611.1891","1510.2772","1712.101","6207.64515","5290.949","7124.3413","1420.6403666666665","1400.8766","1445.4165"
"5003","1623.02225","1490.4089","1755.6356","6225.78625","5635.6045","6815.968","1418.7001","1393.4558","1449.3112"
"5016","1620.7265499999999","1525.855","1715.5981","5895.7285","5049.283","6742.174","1428.8964000000003","1404.2161","1464.1007"
"5029","1630.8045","1512.2611","1749.3479","6040.8267","5328.8354","6752.818","1428.8431","1406.1635","1460.0348"
"5042","1602.6586","1522.461","1682.8562","6405.781","5304.6704","7506.8916","1433.3827666666666","1415.7042","1462.7826"
"5055","1641.6515","1510.764","1772.539","6553.54465","5637.5303","7469.559","1433.7412000000002","1411.675","1461.4484"
"5068","1643.46325","1508.769","1778.1575","6227.569299999999","5388.7476","7066.391","1438.298633333333","1408.148","1467.6378"
"5081","1627.7927","1535.399","1720.1864","6566.73685","6081.0933","7052.3804","1427.6303333333333","1399.6428","1469.7762"
"5094","1656.739","1525.119","1788.359","6456.97505","5676.3105","7237.6396","1435.3598","1415.5891","1465.3735"
"5107","1620.6916","1513.5084","1727.8748","6487.8663","5774.589","7201.1436","1437.7832","1408.9403","1473.733"
"5120","1650.54395","1530.9716","1770.1163","6503.4378","5892.8506","7114.025","1444.2795333333333","1422.2539","1480.9277"
"5133","1650.5891","1535.3445","1765.8337","6696.9647","6030.7144","7363.215","1443.8240666666668","1417.13","1471.6422"
"5146","1644.6702500000001","1553.7216","1735.6189","6746.91085","5959.8193","7534.0024","1456.8472333333332","1434.8203","1495.499"
"5159","1664.4227","1555.7194","1773.126","6574.9085","5908.696","7241.121","1455.8524","1429.7755","1491.7922"
"5172","1663.1675","1557.7784","1768.5566","6828.1404999999995","6088.617","7567.664","1451.285","1430.2982","1492.0967"
"5185","1675.5817","1554.895","1796.2684","7007.1228","6371.831","7642.4146","1461.1584","1436.4232","1502.5199"
"5198","1640.9829","1550.8538","1731.112","7067.1681499999995","6409.3413","7724.995","1462.756","1425.5366","1514.3337"
"5211","1652.2664","1573.2178","1731.315","7103.6828000000005","6378.2686","7829.097","1460.2167333333334","1436.73","1497.9382"
"5224","1679.3212","1573.343","1785.2994","7114.4655","6531.133","7697.798","1457.6114333333335","1417.2303","1496.2118"
"5237","1656.584","1567.5177","1745.6503","6772.5058","6134.6826","7410.329","1465.7229","1433.9749","1493.2058"
"5250","1655.86155","1574.0171","1737.706","6669.495","5890.929","7448.061","1464.4511666666667","1449.7758","1483.0922"
"5263","1677.03485","1582.8785","1771.1912","7290.5585","6985.964","7595.153","1458.6171000000002","1437.8606","1489.4653"
"5276","1680.22245","1574.3156","1786.1293","6990.9375","6468.311","7513.564","1466.4369","1447.5898","1498.0292"
"5289","1678.34825","1564.6073","1792.0892","7021.19945","6652.3164","7390.0825","1467.8895666666667","1444.996","1497.4325"
"5302","1698.269","1579.7806","1816.7574","7031.88865","6654.7446","7409.0327","1473.2920000000001","1443.3416","1512.5344"
"5315","1701.83795","1584.5298","1819.1461","7275.3552500000005","6855.439","7695.2715","1485.4644666666666","1459.4219","1513.4153"
"5328","1673.72315","1580.6703","1766.776","7219.7988000000005","6520.2896","7919.308","1477.1660333333336","1450.3485","1522.4226"
"5341","1692.7318500000001","1599.5911","1785.8726","7299.1913","6864.7686","7733.614","1468.3903333333335","1440.2255","1504.4005"
"5354","1677.3411999999998","1595.3606","1759.3218","7086.755999999999","6927.87","7245.642","1488.0965999999999","1464.8866","1532.5575"
"5367","1696.5957","1588.1753","1805.0161","7174.48235","6943.224","7405.7407","1488.3377","1454.0846","1534.0734"
"5380","1732.212","1623.4672","1840.9568","7173.58965","6899.1523","7448.027","1485.679933333333","1450.3704","1531.0674"
"5393","1700.8877","1602.9227","1798.8527","7340.7255000000005","7062.234","7619.217","1474.8084333333334","1450.3665","1511.6859"
"5406","1703.56225","1609.4269","1797.6976","7323.6032","6987.7544","7659.452","1490.5536666666667","1460.6754","1532.5286"
"5419","1721.01035","1622.291","1819.7297","7109.719950000001","6809.0586","7410.3813","1493.8765666666668","1460.5433","1544.082"
"5432","1710.999","1606.1713","1815.8267","7177.8572","7031.8916","7323.8228","1487.0367999999999","1444.9037","1534.8947"
"5445","1713.6322","1619.1406","1808.1238","7326.8018","6970.252","7683.3516","1494.1966","1451.6627","1537.3536"
"5458","1720.1644000000001","1615.0787","1825.2501","7215.559499999999","6812.165","7618.954","1494.7322333333332","1465.0862","1546.6808"
"5471","1717.9198000000001","1617.4197","1818.4199","7307.612","7010.2","7605.024","1502.6829333333333","1468.0479","1546.6301"
"5484","1734.5103","1626.1519","1842.8687","7245.96375","7032.718","7459.2095","1498.1194666666668","1463.3524","1548.78"
"5497","1734.8580499999998","1625.4252","1844.2909","7528.907999999999","7244.561","7813.255","1515.2771666666667","1473.824","1559.8594"
"5510","1731.4729","1628.4037","1834.5421","7507.99375","7004.156","8011.8315","1504.8824999999997","1467.8392","1552.831"
"5523","1720.7568","1630.2238","1811.2898","7310.61135","7097.7803","7523.4424","1507.1365999999998","1459.622","1559.9215"
"5536","1735.62135","1649.7494","1821.4933","7195.36335","6887.9077","7502.819","1506.7624333333333","1469.5873","1552.2312"
"5549","1745.31105","1645.977","1844.6451","7687.0863","7489.883","7884.2896","1510.0967","1466.315","1567.1782"
"5562","1725.69285","1641.7102","1809.6755","7699.6878","7357.0776","8042.298","1513.1485666666667","1486.3872","1544.1011"
"5575","1732.73245","1642.2229","1823.242","7550.5225","7521.417","7579.628","1505.3250333333333","1484.2343","1540.7684"
"5588","1724.4286000000002","1647.0405","1801.8167","7440.788699999999","7343.217","7538.3604","1522.0963333333332","1503.7218","1556.8433"
"5601","1734.1116","1632.8997","1835.3235","7692.114","7485.5273","7898.7007","1527.1158333333333","1491.8704","1575.1946"
"5614","1740.0131000000001","1662.8563","1817.1699","7711.554","7232.916","8190.192","1532.6182333333334","1503.7643","1586.7924"
"5627","1756.88745","1677.4331","1836.3418","7642.3222000000005","7162.826","8121.8184","1528.6452666666667","1491.8884","1586.566"
"5640","1738.49875","1657.7423","1819.2552","7712.12015","7392.4653","8031.775","1532.4792666666665","1501.6436","1577.568"
"5653","1770.7245","1672.7263","1868.7227","7368.7629","7101.3525","7636.1733","1536.9064999999998","1485.4243","1603.2477"
"5666","1760.75295","1675.4563","1846.0496","7433.3268","7123.844","7742.8096","1542.2330666666667","1481.6486","1604.0309"
"5679","1736.3675","1665.3773","1807.3577","7684.8845","7443.333","7926.436","1529.6372","1497.5403","1577.8618"
"5692","1736.93055","1685.0858","1788.7753","7822.831","7434.292","8211.37","1541.4315","1496.6869","1588.5845"
"5705","1762.52545","1659.3483","1865.7026","7649.335","7514.532","7784.138","1533.4192333333333","1487.385","1589.8154"
"5718","1761.8586500000001","1682.3329","1841.3844","7842.8911499999995","7456.5703","8229.212","1540.468133333333","1501.5599","1589.5149"
"5731","1772.3933000000002","1689.0884","1855.6982","7685.1703","7584.0356","7786.305","1536.0133333333333","1500.9227","1577.953"
"5744","1776.4232","1690.5665","1862.2799","7552.654500000001","7152.622","7952.687","1542.0071","1508.2535","1568.1554"
"5757","1785.1609","1708.3538","1861.968","7397.49","7316.488","7478.492","1548.8681","1501.5586","1596.3239"
"5770","1778.7388","1726.2305","1831.2471","7588.67625","7435.851","7741.5015","1549.7287","1523.2185","1589.1823"
"5783","1798.1242","1702.0596","1894.1888","7553.577499999999","7398.709","7708.446","1552.4236666666666","1516.3011","1597.9565"
"5796","1793.82485","1709.6831","1877.9666","7521.808800000001","7490.787","7552.8306","1551.5577666666668","1515.8107","1598.1516"
"5809","1775.4982","1709.4507","1841.5457","7686.0779999999995","7389.421","7982.735","1552.0632333333333","1512.7668","1608.7369"
"5822","1806.9866499999998","1721.9303","1892.043","7922.747","7865.077","7980.417","1554.7614666666668","1528.5447","1603.3376"
"5835","1795.3980999999999","1716.5464","1874.2498","7656.02465","7431.1157","7880.9336","1564.6133666666667","1541.9043","1605.9854"
"5848","1820.9327","1721.2852","1920.5802","7750.323200000001","7610.3184","7890.328","1565.6832666666667","1538.369","1606.4591"
"5861","1822.1657","1745.9924","1898.339","7896.418250000001","7837.2695","7955.567","1567.9284","1524.1162","1618.6877"
"5874","1793.0796","1715.9633","1870.1959","7797.0797999999995","7758.1416","7836.018","1575.9718","1535.0529","1619.3077"
"5887","1815.6383","1740.3878","1890.8888","7600.9988","7493.7583","7708.2393","1575.2252","1539.463","1621.0321"
"5900","1787.39905","1723.1724","1851.6257","7293.2315","6878.125","7708.338","1585.1264333333336","1553.0608","1642.6431"
"5913","1789.3027","1733.9406","1844.6648","7645.89305","7257.7827","8034.0034","1576.5063666666665","1552.3352","1617.2432"
"5926","1801.28015","1725.7715","1876.7888","7820.4121","7624.2295","8016.5947","1584.9749","1554.8337","1629.5577"
"5939","1838.7504","1756.0448","1921.456","7636.41215","7274.316","7998.5083","1587.6855666666663","1569.1765","1620.3682"
"5952","1799.92795","1747.4532","1852.4027","7512.130999999999","7262.478","7761.784","1590.861","1560.8021","1632.5331"
"5965","1791.62645","1744.2509","1839.002","7947.1355","7685.463","8208.808","1595.2099333333333","1573.2671","1619.7201"
"5978","1793.6394","1753.1609","1834.1179","7835.298849999999","7514.128","8156.4697","1583.323","1542.2844","1632.3826"
"5991","1805.0372499999999","1773.3065","1836.768","7876.8017500000005","7601.4155","8152.188","1586.9360666666664","1548.6847","1629.7545"
"6004","1837.92055","1775.3059","1900.5352","7849.009749999999","7759.789","7938.2305","1593.6026333333332","1571.0155","1625.5063"
"6017","1832.2662","1766.3735","1898.1589","8004.96465","7857.504","8152.4253","1583.3398666666665","1556.03","1622.608"
"6030","1814.0525499999999","1760.6083","1867.4968","7840.5242","7790.483","7890.5654","1592.1386333333332","1565.3513","1637.0634"
"6043","1800.799","1752.1422","1849.4558","7681.1785","7623.267","7739.09","1593.0075666666664","1552.8684","1636.0282"
"6056","1826.1587","1774.7615","1877.5559","7742.0488000000005","7738.7896","7745.308","1611.5811","1573.2946","1664.5352"
"6069","1834.1768","1771.1661","1897.1875","7846.6997","7721.0854","7972.314","1610.9864333333335","1570.368","1668.027"
"6082","1831.0953","1772.1581","1890.0325","7786.0102","7644.0264","7927.994","1603.4661000000003","1582.1747","1643.102"
"6095","1818.5842","1768.5065","1868.6619","7806.20915","7758.9243","7853.494","1627.5410333333332","1596.9149","1677.7017"
"6108","1831.0102499999998","1786.6152","1875.4053","7830.3402","7767.614","7893.0664","1628.5176666666666","1599.8302","1669.8969"
"6121","1854.96805","1799.9327","1910.0034","7983.5948499999995","7889.3647","8077.825","1623.7299","1584.9141","1673.5394"
"6134","1814.98895","1782.9484","1847.0295","7729.6345","7321.52","8137.749","1622.2642000000003","1592.0876","1671.4629"
"6147","1825.8924499999998","1788.8163","1862.9686","7857.767","7473.521","8242.013","1632.3551666666665","1607.6099","1679.9822"
"6160","1865.9989500000001","1814.3773","1917.6206","8122.4125","7900.405","8344.42","1636.9057666666668","1615.0377","1677.1692"
"6173","1869.79045","1795.3734","1944.2075","7700.019200000001","7481.0864","7918.952","1627.3881333333331","1592.3141","1676.0052"
"6186","1830.2233","1808.7249","1851.7217","7867.20715","7482.2183","8252.196","1644.5352666666668","1586.5981","1712.5521"
"6199","1816.609","1779.8799","1853.3381","7768.32185","7694.088","7842.5557","1644.7408666666668","1614.9879","1688.1547"
"6212","1886.3701500000002","1807.5975","1965.1428","7637.1002499999995","7589.972","7684.2285","1645.5382333333334","1593.6198","1700.595"
"6225","1808.2176","1778.1411","1838.2941","7685.1194","7650.5425","7719.6963","1651.6288666666667","1618.5433","1713.2393"
"6238","1864.2372","1816.3625","1912.1119","7744.1187","7679.045","7809.1924","1641.5861666666667","1606.497","1692.2826"
"6251","1841.34625","1781.2737","1901.4188","8003.388","7614.885","8391.891","1658.2399333333333","1622.8741","1707.7931"
"6264","1848.1385500000001","1818.219","1878.0581","7857.5979","7641.5103","8073.6855","1655.5731333333333","1615.4424","1704.8745"
"6277","1867.42435","1822.4503","1912.3984","8066.0002","8012.2344","8119.766","1660.6058999999998","1620.72","1703.8832"
"6290","1837.01225","1815.4075","1858.617","8015.44125","7827.0005","8203.882","1674.6850666666667","1642.5544","1716.8292"
"6303","1898.39445","1819.6696","1977.1193","8149.22215","8120.601","8177.8433","1670.4652999999998","1628.3002","1742.3157"
"6316","1878.2329","1842.9939","1913.4719","7927.3872","7864.2954","7990.479","1668.1483666666666","1604.4795","1732.5814"
"6329","1838.8546000000001","1809.3875","1868.3217","7858.700500000001","7684.069","8033.332","1677.7765666666667","1621.8414","1737.5717"
"6359","1879.8166500000002","1795.428","1964.2053","7989.0133000000005","7866.987","8111.0396","1705.2142000000001","1669.8213","1755.2103"
"6362","1826.95885","1812.7434","1841.1743","8029.33425","8028.896","8029.7725","1688.3318666666667","1664.4667","1722.3221"
"6375","1851.496","1840.1888","1862.8032","7839.594499999999","7798.3843","7880.8047","1695.5964666666666","1659.3317","1767.1475"
"6388","1885.6624000000002","1868.8142","1902.5106","7932.716200000001","7736.5024","8128.93","1699.0821666666664","1665.7476","1762.0883"
"6401","1893.8780000000002","1820.5087","1967.2473","8073.9728","7973.6646","8174.281","1693.5971333333334","1654.4524","1759.6194"
"6414","1876.60075","1866.2277","1886.9738","8107.48365","8028.0923","8186.875","1714.0354333333332","1672.9221","1757.8218"
"6427","1915.8818","1827.8005","2003.9631","8067.402250000001","7932.0415","8202.763","1713.4874666666665","1683.1979","1767.3464"
"6440","1905.2523999999999","1870.9949","1939.5099","7948.7862000000005","7942.7954","7954.777","1718.8146","1678.2919","1762.8237"
"6453","1886.91285","1855.185","1918.6407","7791.39085","7630.4507","7952.331","1714.7140333333334","1682.4227","1777.4994"
"6466","1860.38815","1794.417","1926.3593","7888.3138500000005","7884.0337","7892.594","1730.1513666666667","1705.8749","1767.8573"
"6479","1876.78605","1853.9414","1899.6307","8095.316150000001","8034.645","8155.9873","1720.8922666666667","1696.6382","1750.765"
"6492","1919.8652000000002","1880.478","1959.2524","7837.67915","7683.3833","7991.975","1725.8352666666667","1692.8965","1767.6117"
"6505","1892.68665","1820.5679","1964.8054","7867.9202","7838.48","7897.3604","1731.9974333333332","1672.7295","1810.4512"
"6518","1882.6183","1832.1212","1933.1154","7977.82735","7704.9697","8250.685","1730.6687666666667","1696.7627","1789.9396"
"6531","1892.8856","1832.9543","1952.8169","8089.3182","7872.4854","8306.151","1740.9126999999999","1687.1398","1806.3273"
"6544","1923.64415","1870.6904","1976.5979","8086.54315","7856.2173","8316.869","1737.3877666666667","1706.5045","1789.0942"
"6557","1871.6066500000002","1865.5651","1877.6482","8020.3732","7962.3784","8078.368","1731.5462","1684.5667","1796.6543"
"6570","1902.3317000000002","1874.6194","1930.044","8111.4043","8053.398","8169.4106","1732.6762333333336","1689.7759","1810.5974"
"6583","1917.6772","1909.2133","1926.1411","8200.1865","8035.158","8365.215","1750.9315","1708.7186","1818.8722"
"6596","1911.455","1905.03","1917.88","8291.4285","8264.572","8318.285","1754.0640999999998","1719.586","1804.2566"
"6609","1890.8096999999998","1886.418","1895.2014","8182.33465","7989.8853","8374.784","1756.5376666666668","1706.5433","1842.996"
"6622","1926.2334","1860.3676","1992.0992","8314.9365","8169.602","8460.271","1765.2852","1732.6399","1821.2275"
"6635","1914.51135","1895.9806","1933.0421","8204.93","8204.209","8205.651","1765.3908","1732.5359","1828.4816"
"6648","1935.6305499999999","1900.4357","1970.8254","7740.9838500000005","7539.475","7942.4927","1778.0751","1740.2148","1827.153"
"6661","1931.66205","1867.0719","1996.2522","7965.8945","7793.8906","8137.8984","1786.2627333333332","1751.3969","1844.5499"
"6674","1911.9198000000001","1885.7036","1938.136","8190.104300000001","8001.8926","8378.316","1778.0300666666665","1723.1296","1845.3578"
"6687","1922.2518","1891.726","1952.7776","7888.32715","7770.687","8005.9673","1774.5916666666665","1748.3911","1823.5615"
"6700","1941.7046500000001","1866.0193","2017.39","7773.78825","7387.1045","8160.472","1805.1388","1752.0126","1866.178"
"6713","1949.63265","1913.9429","1985.3224","8051.5165","7899.53","8203.503","1794.3971000000001","1763.1605","1844.7975"
"6726","1921.86925","1905.7528","1937.9857","7950.0232","7779.6724","8120.374","1789.3109666666667","1756.8856","1843.8267"
"6739","1937.5991","1926.5774","1948.6208","8025.443499999999","7845.427","8205.46","1785.2649000000001","1750.783","1852.3125"
"6752","1924.8753000000002","1912.8909","1936.8597","7739.12745","7564.5645","7913.6904","1800.3557","1757.2358","1873.8351"
"6765","1926.1663","1904.718","1947.6146","8045.861650000001","7947.9443","8143.779","1803.3634333333332","1768.7506","1871.35"
"6778","1956.93475","1934.4453","1979.4242","8012.9048","7879.5503","8146.2593","1825.2883333333332","1778.423","1910.6986"
"6791","1936.03175","1918.6405","1953.423","8013.3175","7879.421","8147.214","1814.2402666666667","1784.5857","1872.6367"
"6804","1925.65265","1882.5024","1968.8029","8128.38","7990.364","8266.396","1833.9342","1793.8757","1905.0083"
"6817","1952.37905","1881.6875","2023.0706","8012.09","7751.445","8272.735","1812.6059999999998","1751.3405","1885.1117"
"6830","1925.5627","1916.2194","1934.906","8269.3467","8117.7524","8420.941","1814.8107333333335","1775.5443","1891.4065"
"6843","1968.2139499999998","1925.1659","2011.262","8104.037499999999","7974.114","8233.961","1841.9264666666668","1794.9875","1924.5127"
"6856","1988.83995","1936.6704","2041.0095","8117.889","7638.618","8597.16","1826.3570333333334","1777.6715","1885.0231"
"6869","1996.1158500000001","1925.8855","2066.3462","8239.9385","7949.361","8530.516","1832.7024","1810.2584","1869.0405"
"6882","1979.7629","1931.6272","2027.8986","8103.2055","8027.898","8178.513","1828.9379666666664","1782.7096","1896.4224"
"6895","1964.0437","1958.4025","1969.6849","8162.10425","7986.3345","8337.874","1826.3702999999998","1786.0056","1871.4803"
"6908","1970.4290500000002","1961.546","1979.3121","8094.45435","7875.3247","8313.584","1820.5433","1766.8347","1891.1161"
"6921","1947.987","1947.8232","1948.1508","8019.38515","7759.1973","8279.573","1844.5616666666667","1781.8317","1919.6383"
"6934","1984.73695","1936.9374","2032.5365","8044.7813","7865.8066","8223.756","1844.5439666666668","1787.5773","1931.9148"
"6947","1995.0045999999998","1923.6725","2066.3367","8100.25085","7953.8027","8246.699","1854.3893333333333","1775.4003","1947.865"
"6960","1959.81115","1931.2397","1988.3826","8089.121649999999","7834.6743","8343.569","1835.7440666666669","1797.8113","1895.4865"
"6973","1985.0824499999999","1949.1644","2021.0005","8156.3330000000005","8130.531","8182.135","1865.8074333333334","1795.0619","1944.2206"
"6986","1972.3431500000002","1968.8594","1975.8269","8326.967499999999","8268.534","8385.401","1869.7766333333336","1802.3025","1928.7858"
"6999","1958.59965","1924.0057","1993.1936","8209.22975","7906.7285","8511.731","1874.0732666666665","1829.1573","1908.9293"
"7012","1953.01525","1925.0471","1980.9834","8281.693","8030.353","8533.033","1884.8310666666666","1838.7681","1937.7435"
"7025","1987.03325","1953.9907","2020.0758","8289.796999999999","8223.694","8355.9","1885.1778000000002","1821.9906","1955.997"
"7038","1995.49985","1942.1945","2048.8052","8215.8753","8106.4146","8325.336","1893.6612666666667","1846.1976","1953.6315"
"7051","2008.09595","2000.0011","2016.1908","8334.533","8236.786","8432.28","1893.7632666666668","1846.6338","1958.3627"
"7064","1967.5743","1941.2828","1993.8658","8208.6862","8168.9414","8248.431","1863.6388","1830.6627","1914.7065"
"7077","1969.91685","1903.6628","2036.1709","8111.988649999999","7915.6323","8308.345","1897.7975999999999","1809.4104","1973.6112"
"7090","2008.5637","1962.0366","2055.0908","8381.2725","8240.177","8522.368","1895.6821","1824.6046","1970.6115"
"7103","1976.16835","1948.4972","2003.8395","8388.642","8137.654","8639.63","1876.2082333333335","1833.3634","1940.8107"
"7116","1984.0629","1963.2584","2004.8674","8153.627","7963.654","8343.6","1883.4138333333333","1844.7808","1940.3344"
"7129","1978.3957500000001","1959.5552","1997.2363","8308.575799999999","8123.6826","8493.469","1892.1898","1842.3624","1958.7832"
"7142","2001.3573000000001","1959.9744","2042.7402","8102.6951","8027.1978","8178.1924","1908.8619333333334","1838.5563","1982.8712"
"7155","1984.97465","1980.5983","1989.351","8148.6185000000005","7846.271","8450.966","1926.8996","1859.9543","1990.3314"
"7168","1999.4191500000002","1961.3177","2037.5206","8359.68675","8168.0615","8551.312","1901.0429000000001","1837.9177","1991.7078"
"7181","1998.12535","1964.4056","2031.8451","8396.3825","8380.594","8412.171","1881.1629","1834.7032","1954.5232"
"7194","1989.44785","1967.4465","2011.4492","8375.704","8373.05","8378.358","1896.8919333333333","1818.0336","1969.5768"
"7207","1991.2103","1958.9558","2023.4648","8344.24325","8321.674","8366.8125","1902.5860666666667","1842.7479","1983.3523"
"7220","1993.5199","1990.8358","1996.204","8488.586","8358.274","8618.898","1928.7225666666666","1880.943","1984.9271"
"7233","1975.8344499999998","1960.0275","1991.6414","8267.6035","7965.726","8569.481","1908.7553","1840.478","1991.9587"
"7246","1961.3541","1946.658","1976.0502","8256.573","7985.944","8527.202","1928.0950999999998","1853.5916","2019.0287"
"7259","2023.1226","2001.4586","2044.7866","8215.7712","7979.2134","8452.329","1933.4295333333332","1873.4716","1998.4767"
"7272","2037.9459500000003","2016.4199","2059.472","8346.8329","7848.5938","8845.072","1928.3592","1872.6561","1981.4609"
"7285","2010.7876999999999","1979.4232","2042.1522","8202.82","8076.406","8329.234","1925.8761333333332","1874.4965","2003.1686"
"7298","2015.9926500000001","1988.559","2043.4263","8238.38675","8122.9165","8353.857","1909.1225000000002","1849.1783","1995.6622"
"7311","2023.8213500000002","2004.8558","2042.7869","8314.323250000001","8079.6885","8548.958","1941.7352333333336","1879.6869","2021.0596"
"7324","2005.08945","1979.4802","2030.6987","8361.075","8269.65","8452.5","1953.8078333333335","1898.8159","2029.3016"
"7337","1985.8545","1961.3483","2010.3607","8421.068","8390.315","8451.821","1945.7145666666665","1876.5713","2024.2987"
"7350","2018.8294500000002","1993.9718","2043.6871","8527.187","8310.911","8743.463","1957.8358","1882.023","2053.916"
"7363","2016.2483","1996.4832","2036.0134","8457.3868","8074.1826","8840.591","1960.0140666666666","1910.1705","2027.7706"
"7376","2018.85255","1997.9899","2039.7152","8632.288499999999","8451.435","8813.142","1942.9606666666666","1873.6342","2046.1614"
"7389","2034.3066","1977.5146","2091.0986","8544.034","8517.479","8570.589","1942.4339","1858.3097","2051.7866"
"7402","2021.0711000000001","2003.8787","2038.2635","8583.694","8418.118","8749.27","1946.1375333333335","1903.4408","2024.6515"
"7415","2025.463","1989.3813","2061.5447","8607.279999999999","8276.973","8937.587","1963.0837","1904.5194","2025.1958"
"7428","2036.70795","2011.025","2062.3909","8321.0045","8316.536","8325.473","1965.3355333333332","1905.3499","2047.6041"
"7441","2010.85625","2002.1572","2019.5553","8271.523000000001","8072.918","8470.128","1972.5988666666665","1910.3528","2038.861"
"7454","2039.8600000000001","2028.327","2051.393","8431.163499999999","8306.158","8556.169","1969.8649666666668","1917.3795","2045.3813"
"7467","2010.87235","2008.3868","2013.3579","8608.296","8415.799","8800.793","1971.3546999999999","1911.8654","2020.812"
"7480","2014.8195999999998","1982.263","2047.3762","8573.545999999998","8373.471","8773.621","1983.3447333333334","1907.545","2054.3193"
"7493","2037.50275","2031.9025","2043.103","8352.302","8176.959","8527.645","1965.856","1886.9781","2038.8862"
"7506","2052.9829","2017.9111","2088.0547","8132.10165","8106.4863","8157.717","1982.4972666666665","1941.5692","2035.8771"
"7519","2038.97185","2008.5211","2069.4226","8347.29175","8115.7935","8578.79","1992.0538","1943.9923","2054.2139"
"7532","2051.00555","2040.9486","2061.0625","8635.2555","8448.077","8822.434","1990.2392666666665","1881.5044","2069.3826"
"7545","2050.7208","2044.0004","2057.4412","8538.9365","8311.19","8766.683","1981.3614333333335","1923.4761","2057.1138"
"7558","2036.4555","2005.837","2067.074","8327.3755","8196.015","8458.736","1996.4500666666665","1940.4514","2072.9717"
"7571","2068.84865","2058.0125","2079.6848","8039.9755000000005","7904.424","8175.527","2009.3789666666664","1937.322","2086.5044"
"7584","2048.9134999999997","2028.1144","2069.7126","8320.3285","8259.002","8381.655","2014.2522666666666","1943.9752","2069.1904"
"7597","2065.0433000000003","2035.8932","2094.1934","8538.890500000001","8510.548","8567.233","2000.5762666666667","1938.7574","2083.8665"
"7610","2037.71195","2018.2229","2057.201","8525.030999999999","8491.088","8558.974","2015.9221333333335","1968.8282","2063.4297"
"7623","2054.9917","2051.9348","2058.0486","8614.610499999999","8511.358","8717.863","2009.686","1901.4788","2104.1472"
"7636","2001.99205","1986.287","2017.6971","8336.236","8326.103","8346.369","2011.6818","1964.0452","2044.7786"
"7649","2047.17805","2030.0907","2064.2654","8578.3005","8555.559","8601.042","2029.738466666667","1952.7294","2085.947"
"7662","2022.0403","1980.1499","2063.9307","8494.077000000001","8469.364","8518.79","1994.5608","1920.8456","2081.744"
"7675","2070.47535","2050.0154","2090.9353","8623.9325","8613.727","8634.138","2014.9561666666668","1916.1151","2095.9712"
"7688","2060.64295","2051.7227","2069.5632","8511.2135","8402.627","8619.8","2028.544133333333","1944.7006","2103.863"
"7701","2108.486","2098.6348","2118.3372","8567.4175","8313.53","8821.305","2024.4612333333334","1950.8776","2072.8867"
"7714","1998.8730500000001","1984.6613","2013.0848","8453.0285","8336.228","8569.829","2049.5239","1944.3939","2145.378"
"7727","2007.91015","1995.54","2020.2803","8420.443749999999","8405.658","8435.2295","2034.6031333333333","1961.1462","2106.4578"
"7740","2039.8212","1993.2156","2086.4268","8556.907","8538.494","8575.32","2042.8442666666667","1944.5354","2136.639"
"7753","2047.68505","2040.8723","2054.4978","8555.336500000001","8454.332","8656.341","2054.263833333333","1968.8983","2164.0967"
"7766","2069.29955","2068.6667","2069.9324","8660.052","8455.376","8864.728","2051.8922","1982.7081","2132.857"
"7779","2083.53065","2061.2593","2105.802","8496.79","8388.184","8605.396","2043.3286666666665","1970.8107","2141.9878"
"7792","2063.2025000000003","2057.4702","2068.9348","8544.579","8521.296","8567.862","2049.1971","1975.8694","2146.4956"
"7805","2094.51245","2050.6135","2138.4114","8715.986499999999","8541.335","8890.638","2045.9173333333335","1937.6202","2127.6543"
"7818","2042.0048","2040.4694","2043.5402","8756.492","8597.468","8915.516","2059.0979666666667","2000.3381","2124.7898"
"7831","2112.89095","2092.7231","2133.0588","8749.976999999999","8733.739","8766.215","2062.780166666667","1991.806","2118.3135"
"7844","2089.23155","2088.9846","2089.4785","8757.286","8591.673","8922.899","2057.1119","1948.1976","2149.0146"
"7857","2113.4604499999996","2089.6094","2137.3115","8737.320749999999","8675.9795","8798.662","2095.8385999999996","1977.7328","2171.5103"
"7870","2102.08645","2067.9429","2136.23","8559.746749999998","8557.8545","8561.639","2105.8342666666667","2019.5228","2162.6492"
"7883","2110.06825","2089.2852","2130.8513","8648.535","8477.346","8819.724","2080.6060999999995","1972.0508","2200.279"
"7896","2060.5","2056.2258","2064.7742","8591.126499999998","8568.435","8613.818","2092.4122","1991.998","2157.89"
"7909","2087.5123","2072.4653","2102.5593","8489.591","8363.975","8615.207","2099.6609333333336","1995.7777","2165.3157"
"7922","2100.0676000000003","2066.1592","2133.976","8323.57","8288.026","8359.114","2080.2067666666667","1963.6547","2164.3003"
"7935","2105.4852499999997","2093.502","2117.4685","8323.95035","7839.0527","8808.848","2072.522433333333","1984.4138","2136.778"
"7948","2064.4275","2059.263","2069.592","8348.6646","8016.4062","8680.923","2102.4903","2000.5869","2183.4724"
"7961","2074.4907","2051.4968","2097.4846","8488.45925","8392.981","8583.9375","2093.843933333333","2018.3538","2169.018"
"7974","2077.4894999999997","2065.8455","2089.1335","8641.6295","8551.883","8731.376","2100.5587","2028.6991","2175.323"
"7987","2084.86975","2072.7273","2097.0122","8607.01325","8248.131","8965.8955","2096.3127","2003.1444","2187.9175"
"8000","2092.3057","2047.2427","2137.3687","8682.0945","8377.285","8986.904","2099.6016","2018.553","2169.4888"
"8013","2101.4438499999997","2096.1672","2106.7205","8460.401","8370.964","8549.838","2099.688333333333","2005.5162","2167.9211"
"8026","2117.3818499999998","2102.0093","2132.7544","8567.675","8211.757","8923.593","2128.616833333333","2051.56","2177.979"
"8039","2107.78575","2105.2678","2110.3037","8263.05185","8174.9727","8351.131","2127.7870333333335","2004.514","2202.9294"
"8052","2075.17285","2051.8362","2098.5095","8287.5555","7960.451","8614.66","2138.503533333333","2029.5621","2233.6875"
"8065","2065.8923","2049.874","2081.9106","8567.8","8518.636","8616.964","2141.129733333333","2032.0142","2220.6777"
"8078","2075.9571","2069.713","2082.2012","8511.1495","8422.042","8600.257","2138.2451333333333","2015.4188","2250.3806"
"8091","2111.5769","2089.9485","2133.2053","8462.603","8445.502","8479.704","2116.3315333333335","2007.62","2223.5894"
"8104","2103.663","2084.0042","2123.3218","8389.884","8365.104","8414.664","2129.615333333333","2034.7474","2213.677"
"8117","2110.3705","2109.914","2110.827","8598.876499999998","8593.132","8604.621","2143.8282999999997","2074.1992","2244.9397"
"8130","2149.7482499999996","2103.1838","2196.3127","8641.530999999999","8328.451","8954.611","2132.8801333333336","2018.8279","2224.3242"
"8143","2040.6972","2009.4921","2071.9023","8527.141","8283.324","8770.958","2145.1212","2044.7076","2272.2878"
"8156","2105.2700999999997","2082.674","2127.8662","8628.9195","8623.072","8634.767","2156.884666666667","2046.187","2260.306"
"8169","2112.7441","2090.6606","2134.8276","8500.391","8318.303","8682.479","2144.4031","2045.8951","2213.812"
"8182","2100.42285","2070.7627","2130.083","8546.9005","8321.805","8771.996","2126.3923666666665","2022.7026","2211.359"
"8195","2107.44235","2082.9846","2131.9001","8672.158","8491.558","8852.758","2138.6976","2019.3491","2216.4167"
"8208","2107.6483","2095.6184","2119.6782","8699.6375","8451.943","8947.332","2134.6257666666666","1986.9686","2226.2393"
"8221","2105.6595500000003","2100.9656","2110.3535","8583.836500000001","8471.164","8696.509","2163.9131999999995","2043.5731","2293.3223"
"8234","2095.7373500000003","2048.1729","2143.3018","8748.2445","8489.907","9006.582","2132.7776666666664","2030.7394","2240.412"
"8247","2084.41745","2055.8542","2112.9807","8674.3475","8628.345","8720.35","2161.543766666667","2030.9358","2240.0864"
"8260","2132.98715","2131.612","2134.3623","8469.752","8464.068","8475.436","2153.945933333333","2019.2367","2288.8289"
"8273","2114.57525","2107.9595","2121.191","8587.163","8502.062","8672.264","2162.3545666666664","2025.3995","2274.205"
"8286","2143.7384","2134.7783","2152.6985","8376.936000000002","8221.815","8532.057","2182.7223333333336","2042.3018","2283.0378"
"8299","2130.88075","2101.3938","2160.3677","8621.268","8425.578","8816.958","2189.8684","2049.8909","2260.5925"
"8312","2091.12875","2090.3271","2091.9304","8383.65065","8069.5283","8697.773","2196.2021333333337","2078.5435","2288.87"
"8325","2128.68725","2120.3047","2137.0698","8351.2235","8306.851","8395.596","2187.663433333333","2074.7102","2300.2551"
"8338","2111.8431499999997","2105.1643","2118.522","8611.8835","8566.096","8657.671","2169.3471000000004","2076.8218","2242.0405"
"8351","2165.68325","2164.616","2166.7505","8428.9875","8268.403","8589.572","2205.6280333333334","2082.1538","2300.9763"
"8364","2122.53285","2118.6035","2126.4622","8678.6305","8569.746","8787.515","2194.2374","2073.2266","2274.3408"
"8377","2121.44995","2097.0535","2145.8464","8574.385750000001","8413.709","8735.0625","2215.703133333333","2073.5217","2342.9473"
"8390","2127.8352","2114.8896","2140.7808","8616.1975","8555.673","8676.722","2211.7891999999997","2083.765","2294.4434"
"8403","2112.88385","2091.901","2133.8667","8821.04775","8744.3545","8897.741","2224.7327666666665","2105.588","2373.2126"
"8416","2156.42515","2148.9023","2163.948","8763.0635","8675.492","8850.635","2170.8827333333334","2029.8632","2305.472"
"8429","2121.193","2108.0256","2134.3604","8681.4145","8578.022","8784.807","2206.0655666666667","2074.0542","2326.704"
"8442","2159.1030499999997","2140.8086","2177.3975","8539.841","8295.777","8783.905","2237.4069","2111.5117","2328.7488"
"8455","2128.8666","2120.5532","2137.18","8663.9045","8431.589","8896.22","2229.9578","2062.9548","2327.7246"
"8468","2139.812","2138.8628","2140.7612","8802.46","8693.858","8911.062","2221.2735333333335","2099.4644","2339.0322"
"8481","2127.9995","2122.9067","2133.0923","8559.061000000002","8509.573","8608.549","2224.4946","2066.8745","2369.276"
"8494","2172.1724999999997","2148.4375","2195.9075","8718.9985","8536.603","8901.394","2232.7580666666668","2118.4875","2329.3743"
"8507","2155.57675","2139.5645","2171.589","8660.5045","8518.162","8802.847","2217.8754000000004","2083.9844","2315.5554"
"8520","2172.79615","2150.593","2194.9993","8547.3225","8534.236","8560.409","2209.623","2068.376","2298.1956"
"8533","2133.8435","2128.8157","2138.8713","8473.8905","8208.355","8739.426","2240.9770333333336","2103.9841","2354.505"
"8546","2184.66745","2177.3203","2192.0146","8575.9715","8383.346","8768.597","2224.8229","2140.12","2338.1392"
"8559","2127.33875","2110.415","2144.2625","8638.68925","8396.8545","8880.524","2224.9863666666665","2123.755","2288.6807"
"8572","2190.3527","2179.9514","2200.754","8745.537499999999","8493.489","8997.586","2238.191533333333","2096.889","2359.5662"
"8585","2170.3673","2142.979","2197.7556","8620.0915","8594.673","8645.51","2255.3772999999997","2158.237","2320.0159"
"8598","2178.4038","2159.8503","2196.9573","8670.300500000001","8576.419","8764.182","2249.4551333333334","2178.0505","2347.1887"
"8611","2179.3263500000003","2175.119","2183.5337","8733.318500000001","8655.414","8811.223","2237.0108","2114.9246","2328.695"
"8624","2152.1667500000003","2123.0605","2181.273","8625.728","8526.065","8725.391","2243.7521666666667","2145.186","2329.2202"
"8637","2170.6429500000004","2152.3389","2188.947","8835.9465","8634.809","9037.084","2258.8013333333333","2133.8804","2331.9646"
"8650","2161.7082499999997","2137.5198","2185.8967","8527.1815","8156.488","8897.875","2268.8730666666665","2115.2583","2388.0667"
"8663","2220.9561000000003","2183.8362","2258.076","8525.6905","8326.282","8725.099","2263.6408","2146.4634","2335.6106"
"8676","2159.0744999999997","2131.652","2186.497","8532.8345","8382.301","8683.368","2237.8427666666666","2136.5103","2325.9006"
"8689","2148.98425","2120.3938","2177.5747","8576.66","8367.03","8786.29","2257.3384","2124.1892","2373.173"
"8702","2152.3792999999996","2106.794","2197.9646","8453.008","8247.978","8658.038","2274.9222999999997","2134.8086","2389.6038"
"8715","2165.16965","2151.7656","2178.5737","8724.303","8495.464","8953.142","2241.8938333333335","2116.277","2338.8264"
"8728","2169.09825","2160.737","2177.4595","8710.7275","8545.87","8875.585","2248.594466666667","2119.663","2362.2214"
"8741","2171.82755","2168.4373","2175.2178","8603.7125","8523.848","8683.577","2267.3864","2108.7886","2395.4539"
"8754","2156.9593","2151.7896","2162.129","8666.914","8510.828","8823","2284.7528","2174.011","2341.837"
"8767","2231.0986","2187.0361","2275.1611","8694.4995","8548.13","8840.869","2284.8388333333337","2191.5972","2349.1553"
"8780","2201.50695","2191.2192","2211.7947","8757.008","8637.091","8876.925","2287.061366666667","2160.4324","2414.2861"
"8793","2198.4818","2189.134","2207.8296","8735.071","8592.463","8877.679","2305.0172333333335","2201.1206","2382.2153"
"8806","2164.7557500000003","2143.7837","2185.7278","8745.7565","8487.008","9004.505","2316.0072666666665","2225.9998","2409.2163"
"8819","2190.4287999999997","2126.6584","2254.1992","8636.372","8521.575","8751.169","2316.0146","2215.9648","2394.629"
"8832","2192.8316999999997","2151.8892","2233.7742","8681.2735","8660.376","8702.171","2298.3949666666667","2228.7903","2364.2078"
"8845","2182.892","2168.713","2197.071","8915.082999999999","8822.079","9008.087","2274.1334666666667","2172.5251","2357.127"
"8858","2204.0932000000003","2182.017","2226.1694","8833.854","8726.647","8941.061","2268.274733333333","2165.926","2321.3542"
"8871","2212.8575","2197.387","2228.328","8793.2655","8786.686","8799.845","2299.1444666666666","2162.4768","2398.3853"
"8884","2192.36135","2143.3647","2241.358","8655.652","8565.377","8745.927","2308.0857666666666","2217.2344","2403.7136"
"8897","2177.3975","2151.724","2203.071","8658.611499999999","8583.727","8733.496","2319.673033333333","2168.8694","2407.2307"
"8910","2221.2135500000004","2207.318","2235.1091","8770.276","8747.91","8792.642","2321.6265333333336","2188.241","2435.5256"
"8923","2154.5504","2134.2964","2174.8044","8837.9535","8661.885","9014.022","2320.7851666666666","2204.2588","2448.6797"
"8936","2177.84245","2175.4124","2180.2725","8670.5985","8489.556","8851.641","2325.4117","2218.5847","2399.2349"
"8949","2210.1925","2186.3516","2234.0334","8680.824499999999","8519.331","8842.318","2318.2573666666667","2197.1633","2458.8005"
"8962","2191.7602500000003","2188.5503","2194.9702","8606.9005","8348.817","8864.984","2354.2413333333334","2234.32","2471.4614"
"8975","2222.3793","2203.8914","2240.8672","8623.304","8258.282","8988.326","2334.1648","2194.1885","2475.2808"
"8988","2192.80285","2155.6963","2229.9094","8548.947","8486.058","8611.836","2321.642066666667","2211.249","2442.3945"
"9001","2195.8338000000003","2181.913","2209.7546","8622.961","8571.477","8674.445","2355.314633333333","2226.1946","2524.2476"
"9014","2170.97705","2140.0007","2201.9534","8580.7555","8508.115","8653.396","2325.1645999999996","2217.5842","2418.9866"
"9027","2223.5846","2214.3396","2232.8296","8672.644","8578.036","8767.252","2358.7296666666666","2225.5437","2472.9573"
"9040","2203.3837000000003","2147.4512","2259.3162","9004.073","8941.335","9066.811","2338.3461666666667","2267.0137","2399.473"
"9053","2184.3759","2178.1238","2190.628","9027.897","8936.64","9119.154","2345.8842666666665","2216.5789","2447.1099"
"9066","2210.75695","2160.9263","2260.5876","9000.88025","8754.865","9246.8955","2339.795733333334","2241.4038","2435.958"
"9079","2208.2027500000004","2180.8708","2235.5347","8908.4475","8810.009","9006.886","2328.7258666666667","2233.2117","2430.741"
"9092","2172.9532","2114.0134","2231.893","8789.6695","8534.592","9044.747","2346.6997333333334","2252.9294","2472.92"
"9105","2221.21605","2187.4087","2255.0234","8672.486","8420.029","8924.943","2338.1572333333334","2238.4973","2411.2527"
"9118","2164.74755","2121.8943","2207.6008","8681.1315","8484.236","8878.027","2370.3065666666666","2238.1897","2444.346"
"9131","2218.4843","2174.357","2262.6116","8756.575","8624.263","8888.887","2363.5149666666666","2235.4365","2489.884"
"9144","2208.5460000000003","2188.359","2228.733","8819.6155","8573.663","9065.568","2324.6534333333334","2166.8086","2415.774"
"9157","2250.625","2238.2412","2263.0088","8860.2155","8771.713","8948.718","2391.9668333333334","2270.1772","2494.934"
"9170","2232.5669","2224.8328","2240.301","8797.181","8774.603","8819.759","2398.9180333333334","2283.4875","2478.8904"
"9183","2236.0365","2212.6824","2259.3906","8838.592499999999","8768.46","8908.725","2374.8953333333334","2271.1526","2501.184"
"9196","2228.12655","2209.29","2246.9631","8877.66","8797.355","8957.965","2376.5309","2238.7932","2482.4902"
"9209","2252.859","2216.1155","2289.6025","8922.567500000001","8789.812","9055.323","2386.4029","2276.054","2469.175"
"9222","2220.18165","2171.7947","2268.5686","8968.057","8763.027","9173.087","2390.151066666667","2312.615","2495.803"
"9235","2215.5495499999997","2180.1443","2250.9548","8874.944749999999","8789.952","8959.9375","2375.8085333333333","2334.8179","2398.3035"
"9248","2206.5203","2161.8186","2251.222","8754.1065","8260.84","9247.373","2421.4233666666664","2331.3948","2510.159"
"9261","2250.4243500000002","2232.1802","2268.6685","8836.177","8445.075","9227.279","2415.1408666666666","2356.8672","2483.2776"
"9274","2249.8142","2204.0137","2295.6147","8906.403","8609.771","9203.035","2405.0203333333334","2328.2986","2519.7546"
"9287","2234.36765","2211.624","2257.1113","9025.547999999999","8848.803","9202.293","2421.594833333333","2355.5188","2488.9897"
"9300","2207.29955","2136.2148","2278.3843","9092.788499999999","9049.598","9135.979","2426.9796666666666","2339.5923","2499.1763"
"9313","2250.4539000000004","2220.9558","2279.952","8963.164","8950.375","8975.953","2399.7783999999997","2304.8965","2477.1592"
"9326","2250.66115","2218.4988","2282.8235","9045.755000000001","8682.485","9409.025","2410.9787","2354.4854","2454.155"
"9339","2243.3462","2165.4688","2321.2236","9172.0255","8942.853","9401.198","2432.2556","2341.969","2520.6582"
"9352","2226.4082","2192.8972","2259.9192","8963.004","8840.399","9085.609","2410.4976666666666","2357.451","2513.3916"
"9365","2234.9237","2232.0278","2237.8196","8787.22","8532.042","9042.398","2423.1163333333334","2347.1047","2487.715"
"9378","2243.34275","2209.885","2276.8005","8665.366","8372.779","8957.953","2399.9827","2312.5918","2457.8633"
"9391","2232.5520500000002","2195.5461","2269.558","8760.93575","8659.9375","8861.934","2416.6207","2355.3403","2492.9373"
"9404","2233.64015","2172.6167","2294.6636","8783.812","8700.105","8867.519","2456.6726999999996","2391.5554","2517.2947"
"9417","2250.7318","2220.8213","2280.6423","8941.583999999999","8884.818","8998.35","2408.815466666667","2336.834","2484.8167"
"9430","2229.2875000000004","2185.9834","2272.5916","8954.2395","8645.801","9262.678","2435.7543","2323.574","2534.5312"
"9443","2253.93455","2240.6301","2267.239","8776.962","8600.257","8953.667","2478.5533333333337","2387.5295","2581.277"
"9456","2273.9459500000003","2263.6365","2284.2554","8873.3775","8834.288","8912.467","2399.8050333333335","2301.0984","2453.4988"
"9469","2231.37335","2169.317","2293.4297","8966.4525","8872.439","9060.466","2438.282366666667","2357.7231","2506.6697"
"9482","2273.3556","2253.9746","2292.7366","8896.336","8703.83","9088.842","2451.055733333333","2382.3354","2522.0652"
"9495","2235.98935","2165.8044","2306.1743","8962.54875","8650.6875","9274.41","2468.7408666666665","2409.1926","2514.994"
"9508","2290.8845499999998","2271.7886","2309.9805","9011.585","8806.509","9216.661","2467.0721","2331.4927","2544.7883"
"9521","2269.75265","2241.7502","2297.7551","9026.675500000001","8947.955","9105.396","2437.3366","2354.5186","2521.3462"
"9534","2222.23805","2162.4326","2282.0435","8878.05225","8738.209","9017.8955","2461.2997666666665","2356.4077","2521.8606"
"9547","2288.277","2279.057","2297.497","8935.637999999999","8860.971","9010.305","2493.7062666666666","2443.3152","2519.6746"
"9560","2259.9558500000003","2237.0447","2282.867","9001.215","8731.389","9271.041","2488.4946999999997","2379.8289","2563.496"
"9573","2278.534","2248.612","2308.456","8882.078","8653.946","9110.21","2477.0533666666665","2356.7695","2560.2898"
"9586","2261.8489","2214.785","2308.9128","8968.423","8801.521","9135.325","2482.7435","2403.0867","2541.1606"
"9599","2300.0359","2231.7595","2368.3123","9122.3365","8900.166","9344.507","2449.264333333333","2385.1296","2530.732"
"9612","2284.1516","2216.5732","2351.73","9033.486","8849.464","9217.508","2481.5402","2367.7822","2586.1665"
"9625","2278.2285","2220.5957","2335.8613","9054.964499999998","8960.835","9149.094","2495.1346","2408.573","2580.6433"
"9638","2320.2524000000003","2293.6868","2346.818","8794.543","8431.456","9157.63","2494.0694","2446.7156","2572.082"
"9651","2292.4088","2244.1382","2340.6794","8913.778999999999","8707.821","9119.737","2479.2619999999997","2423.1467","2572.8403"
"9664","2282.36045","2243.7622","2320.9587","8498.521499999999","8431.166","8565.877","2496.425566666667","2424.3389","2604.0442"
"9677","2278.0784000000003","2195.7258","2360.431","8915.0095","8795.433","9034.586","2489.1649999999995","2394.2805","2570.735"
"9690","2290.0625","2233.6934","2346.4316","9032.1425","8829.991","9234.294","2493.8745","2408.829","2567.6545"
"9703","2316.6951","2284.3079","2349.0823","9124.9165","8903.353","9346.48","2493.1029999999996","2428.3564","2552.374"
"9716","2280.7042","2221.7754","2339.633","9034.003499999999","8773.112","9294.895","2515.364133333333","2489.2644","2558.763"
"9729","2265.02955","2203.5747","2326.4844","9063.480500000001","8952.744","9174.217","2508.190666666667","2466.1355","2577.7334"
"9742","2281.36205","2192.6208","2370.1033","9040.437","9011.356","9069.518","2514.3140666666673","2463.8198","2574.596"
"9755","2310.85365","2295.7185","2325.9888","8824.9725","8712.349","8937.596","2511.906833333333","2486.7385","2558.6824"
"9768","2303.1382","2228.8997","2377.3767","8836.9325","8713.647","8960.218","2565.2785","2497.293","2632.552"
"9781","2300.1239","2265.376","2334.8718","9049.281500000001","8756.957","9341.606","2493.9483999999998","2434.3337","2543.5115"
"9794","2282.0868","2217.3606","2346.813","9062.449","9060.527","9064.371","2545.476533333333","2537.4036","2554.504"
"9807","2330.33255","2318.088","2342.5771","8923.8305","8639.015","9208.646","2519.852066666667","2420.0222","2588.8096"
"9820","2294.5661499999997","2233.4646","2355.6677","8952.487000000001","8692.851","9212.123","2492.849866666667","2437.2559","2529.0479"
"9833","2328.3638499999997","2307.402","2349.3257","8938.117","8792.882","9083.352","2526.0686666666666","2507.4512","2556.109"
"9846","2267.6947","2210.8328","2324.5566","9038.907","9036.906","9040.908","2520.6927333333333","2464.0122","2597.466"
"9859","2288.18125","2210.3933","2365.9692","9133.212","9108.553","9157.871","2513.0424","2450.7756","2552.5017"
"9872","2253.87355","2138.5723","2369.1748","9125.837","8916.589","9335.085","2538.144433333333","2516.4707","2561.5415"
"9885","2307.0664","2242.4385","2371.6943","9212.1685","9024.002","9400.335","2516.779433333333","2486.8208","2552.7595"
"9898","2297.68815","2264.4033","2330.973","8829.92975","8818.505","8841.3545","2471.9632333333334","2418.3242","2561.8445"
"9911","2268.3100000000004","2206.369","2330.251","8929.369","8909.324","8949.414","2538.2578333333336","2529.26","2545.8333"