"Step","env_name: myoLegWalkT2Apca-v0 - rollout/ep_rew_mean","env_name: myoLegWalkT2Apca-v0 - rollout/ep_rew_mean__MIN","env_name: myoLegWalkT2Apca-v0 - rollout/ep_rew_mean__MAX","env_name: myoLegWalkT2A-v0 - rollout/ep_rew_mean","env_name: myoLegWalkT2A-v0 - rollout/ep_rew_mean__MIN","env_name: myoLegWalkT2A-v0 - rollout/ep_rew_mean__MAX","env_name: myoLegWalk-v0 - rollout/ep_rew_mean","env_name: myoLegWalk-v0 - rollout/ep_rew_mean__MIN","env_name: myoLegWalk-v0 - rollout/ep_rew_mean__MAX"
"8","34.598061666666666","32.87269","36.42626","33.306883","32.527733","34.086033","41.61817933333333","40.573772","42.297436"
"11","36.55704766666667","35.75899","37.15283","33.23652","33.17259","33.30045","43.400169000000005","42.906387","44.07454"
"24","37.88012","35.67824","39.04868","36.939347","34.58727","39.291424","44.62421366666666","44.42523","44.964367"
"37","38.679567","37.674107","40.112736","40.450168","37.40877","43.491566","45.390539666666676","42.837067","47.649635"
"50","45.020589333333334","42.94122","47.114452","46.6717735","46.471275","46.872272","47.534454333333336","46.135254","49.728996"
"63","52.378324666666664","50.657227","54.99505","56.5718665","55.87905","57.264683","48.76816666666667","48.11967","49.97148"
"76","62.518304","61.468056","63.832966","68.8810575","64.75576","73.006355","51.161638333333336","49.593822","52.160133"
"89","75.91524166666666","71.026","78.68244","79.54912999999999","79.49467","79.60359","51.00478933333333","50.62484","51.3281"
"102","90.66790533333334","83.62058","98.11407","101.237407","94.46469","108.010124","53.45623466666667","52.045914","54.89105"
"115","105.60136999999999","103.43011","106.86197","112.968885","111.88537","114.0524","55.584295","53.17869","57.12289"
"128","120.85689500000001","117.16383","124.98807","133.22168499999998","132.72668","133.71669","59.55865633333334","58.47358","60.946114"
"141","138.42047666666667","134.56793","140.70032","139.773765","133.57976","145.96777","65.56892866666665","61.644566","68.41067"
"154","143.13007666666667","138.28764","148.14586","157.263405","151.38547","163.14134","66.850367","62.056656","73.33348"
"167","156.90207666666666","153.54102","158.82123","165.14563","162.09235","168.19891","69.901325","69.098015","70.39725"
"180","166.43311","163.78334","171.01105","168.90695499999998","167.21535","170.59856","75.04394866666667","71.687996","81.22852"
"193","175.17800666666668","171.95306","178.38484","175.363505","172.61304","178.11397","84.71309166666667","82.14624","87.266685"
"206","184.28934","182.93668","185.79134","186.14134","185.66374","186.61894","89.10263833333333","83.17925","93.71548"
"219","191.14429333333337","189.67612","193.22101","189.18580500000002","183.40973","194.96188","104.82351666666666","99.34195","115.1591"
"232","194.99040666666667","191.41656","197.68471","199.845945","196.96991","202.72198","110.646638","107.17384","112.95288"
"245","204.09441999999999","202.7882","205.94609","201.253305","199.22095","203.28566","117.57445333333334","115.89789","119.36475"
"258","209.79903666666667","208.76982","211.10925","212.30982999999998","211.19704","213.42262","131.028065","120.826035","138.54706"
"271","216.36016333333336","213.31917","220.47978","218.07599499999998","217.40657","218.74542","142.99321","135.94872","149.5298"
"284","222.09642999999997","220.32846","224.66821","224.901025","223.75406","226.04799","150.35545333333334","139.92633","159.54765"
"297","229.37535000000003","227.47145","232.05832","235.60001999999997","234.1674","237.03264","153.69489333333334","148.63493","161.05"
"310","235.02332","232.77458","236.71638","241.70069","240.53085","242.87053","161.55844333333332","151.54858","170.28082"
"323","240.40427","236.5394","243.52531","247.28051","246.88686","247.67416","170.79169333333334","166.16026","175.48415"
"336","247.6963166666667","246.10422","249.8648","253.65661999999998","250.23148","257.08176","176.69419333333335","170.37086","185.53093"
"349","253.08361666666667","250.06367","257.59085","257.47139500000003","255.82999","259.1128","179.61644666666666","177.21776","182.81691"
"362","259.8390733333334","256.29718","264.0966","261.571155","258.86884","264.27347","186.23777333333337","184.60149","189.42383"
"375","264.8792966666667","260.7963","269.42383","267.791665","265.97723","269.6061","192.91527666666664","189.67989","196.80684"
"388","270.4545033333334","269.40604","272.42987","271.21484","269.88998","272.5397","196.86452666666665","195.31462","198.36302"
"401","276.53004000000004","273.63837","279.51163","274.70531","274.267","275.14362","201.64384000000004","199.98956","204.49341"
"414","278.63352333333336","276.18982","282.0133","278.573865","277.2488","279.89893","204.40215666666666","203.39905","205.8505"
"427","283.5120733333333","281.9888","285.50885","285.61150999999995","282.09018","289.13284","210.38957000000002","206.35353","215.37463"
"440","286.82980000000003","285.3311","288.14432","289.05699000000004","285.71902","292.39496","213.82093666666665","210.81493","216.38345"
"453","293.80615000000006","287.6753","296.94635","291.73166000000003","289.78055","293.68277","218.26881333333336","216.70418","220.64178"
"466","296.3699633333333","293.95175","298.36212","293.49983999999995","291.26138","295.7383","222.08009","221.08757","223.194"
"479","301.17540333333335","298.06363","303.01138","297.62796000000003","297.16635","298.08957","227.35760666666667","226.63573","228.45557"
"492","301.9363133333333","296.14142","306.28986","302.62316999999996","300.46936","304.77698","231.13017","228.59875","232.55391"
"505","308.4496966666667","303.57172","311.17462","306.335835","305.72717","306.9445","234.74507666666668","233.1936","237.61072"
"518","313.8941766666667","309.26654","318.59293","309.63629","309.20273","310.06985","239.35942","237.0043","241.00835"
"531","316.4909533333333","313.9168","319.43286","312.876215","310.1502","315.60223","241.88826666666668","240.77556","243.26561"
"544","314.2660733333333","308.99426","319.10376","318.01308","315.82474","320.20142","244.17887","240.92693","248.02556"
"557","320.6074566666667","316.8613","325.6425","319.84398","317.4419","322.24606","249.61363666666668","248.40427","250.78654"
"570","324.45101666666665","322.04382","327.22586","322.56779","320.18918","324.9464","251.74922333333333","251.13138","252.2088"
"583","328.44631","326.25153","330.82916","327.297","326.1656","328.4284","254.00868","253.5617","254.46854"
"596","330.5223433333333","328.0595","333.61673","317.449875","301.20682","333.69293","258.6393","257.0964","259.79385"
"609","334.5914266666667","333.0857","336.31628","325.883265","313.4157","338.35083","260.68577999999997","259.65222","261.71002"
"622","338.15579333333335","334.5888","341.1428","329.828385","319.82687","339.8299","265.38289000000003","264.553","266.00012"
"635","342.98009","341.94354","343.68225","334.4028","327.07834","341.72726","264.23519","261.85577","266.93912"
"648","345.69363999999996","343.6905","348.25797","337.21747","330.83542","343.59952","269.11315999999994","267.23587","270.68085"
"661","350.1683366666666","347.86005","353.4921","341.88851","333.0999","350.67712","271.5841","267.3687","274.5324"
"674","352.9953366666667","348.59354","357.17407","346.536915","340.66425","352.40958","272.87107999999995","269.42374","276.6158"
"687","356.14787666666666","353.11066","359.20303","350.14245","345.8218","354.4631","276.46900666666664","274.62302","278.70627"
"700","359.44368000000003","356.2735","364.94434","354.34468000000004","349.05374","359.63562","279.2691566666667","278.66824","280.17593"
"713","362.74119","360.62262","364.85922","356.44777","350.57822","362.31732","281.9338866666667","278.32742","286.2099"
"726","366.88703333333336","362.88928","372.8985","358.20393","352.40616","364.0017","286.6375766666667","283.39255","290.45398"
"739","369.95432666666665","365.6794","375.60278","362.29346","355.1764","369.41052","288.73426","284.38046","294.25198"
"752","371.8332833333334","366.9264","378.72537","361.709775","357.9829","365.43665","292.21819","289.14905","294.22757"
"765","345.07833666666664","280.68796","382.45483","337.160705","300.87085","373.45056","296.1687233333334","294.2515","298.5835"
"778","370.1163033333333","352.8014","383.02133","350.51005499999997","322.63486","378.38525","296.2939733333333","292.954","298.53586"
"791","372.38073","354.9807","383.65063","356.66229999999996","330.8264","382.4982","301.09752333333336","297.5831","305.00714"
"804","375.69831","360.1392","387.6862","358.903135","334.58167","383.2246","303.5583666666667","295.58047","308.95877"
"817","378.73936000000003","365.27197","390.26764","365.51676499999996","343.0985","387.93503","306.4183033333333","300.71457","312.87216"
"830","382.6908233333333","370.015","392.676","366.2114","342.9358","389.487","311.8251433333333","306.90192","315.02847"
"843","385.79725","374.41382","394.38745","371.47708","354.10028","388.85388","314.87061","309.8293","320.87973"
"856","391.16686333333337","380.38147","402.1428","373.18217000000004","350.87704","395.4873","316.65386","311.35748","319.8295"
"869","393.3","380.81683","405.5843","379.64027","360.40408","398.87646","318.06668999999994","314.68472","322.70865"
"882","394.4884233333334","383.3847","407.30292","381.03444","362.82874","399.24014","325.3792633333333","316.19434","333.85275"
"895","398.69220666666666","387.84097","408.8211","385.1617","366.7026","403.6208","326.56051","320.41013","332.9248"
"908","402.0928833333333","393.02365","412.7396","388.70678499999997","372.55417","404.8594","334.63563","326.47427","342.67914"
"921","404.8499466666667","396.94135","415.04385","390.82342500000004","373.0928","408.55405","336.11449999999996","327.42578","345.89514"
"934","406.67261666666667","396.73956","418.01855","395.58279500000003","379.95374","411.21185","338.89685000000003","328.83307","350.9432"
"947","410.4175533333334","402.3321","420.03976","395.847675","377.82352","413.87183","346.0377433333333","338.25537","353.29526"
"960","414.55276000000003","408.6012","421.74728","400.89421000000004","382.99637","418.79205","346.57471000000004","342.5073","354.52643"
"973","417.20986999999997","411.52936","424.449","401.25698","385.1263","417.38766","354.0572","348.49185","362.58847"
"986","420.42454666666663","415.27472","427.0992","406.47561","390.42932","422.5219","357.41363333333334","349.91043","364.10742"
"999","422.38668","417.93372","427.60675","407.339915","388.9991","425.68073","358.8440633333333","351.04135","371.55078"
"1012","425.98511666666667","422.51727","430.61652","409.57914500000004","392.89886","426.25943","362.8056833333333","356.98334","366.14993"
"1025","429.2725633333334","426.61536","433.643","410.93596","393.13724","428.73468","368.43417","364.07117","375.17044"
"1038","432.8117966666666","428.97745","437.57748","414.97727499999996","397.2965","432.65805","373.5636866666667","364.48108","385.2141"
"1051","434.63853666666665","431.34753","438.47592","415.05832","397.63977","432.47687","382.02591","376.26874","390.59213"
"1064","438.73074333333335","436.94516","441.37442","419.582535","401.25235","437.91272","387.3552","384.74908","391.3767"
"1077","441.96765999999997","441.6826","442.35568","365.86902","327.64722","404.09082","391.77783","383.50522","399.006"
"1090","445.48356999999993","442.77914","447.72864","369.322155","331.04385","407.60046","396.9752833333334","391.3225","404.60315"
"1103","447.5562933333333","446.20938","449.0175","380.370625","351.55215","409.1891","402.8441666666667","395.97223","414.2294"
"1116","451.0755066666666","449.5252","452.86472","382.319025","354.08115","410.5569","408.50303333333335","401.4788","413.24023"
"1129","455.80447000000004","454.1191","458.97424","387.60361","360.32184","414.88538","416.7653","407.55228","431.54196"
"1142","458.9922166666667","456.01715","462.6078","392.312225","368.13492","416.48953","424.32518333333337","417.09653","438.32742"
"1155","455.6889866666667","439.73508","468.71088","400.71396500000003","380.1862","421.24173","424.37852","412.79147","437.06473"
"1168","466.1182733333333","461.13675","473.07452","407.87537499999996","392.1415","423.60925","439.8037733333333","435.53165","446.67947"
"1181","470.7150933333333","463.78943","480.91745","414.29026999999996","402.5781","426.00244","441.30487","432.43356","449.24133"
"1194","474.6921","467.08157","484.1894","419.914525","408.96625","430.8628","449.42634","443.54175","460.11987"
"1207","480.54649666666666","469.6275","495.48672","423.38754500000005","413.20337","433.57172","448.93056666666666","442.7469","458.1582"
"1220","485.40136666666666","472.21793","500.89047","437.99741","437.7935","438.20132","457.78678999999994","450.5537","467.92157"
"1233","493.21007333333336","475.87808","515.53516","441.78744","441.61768","441.9572","465.2798566666666","455.65024","480.24426"
"1246","498.11698333333334","475.83096","524.77985","444.624285","443.55063","445.69794","468.28927999999996","464.8304","472.1914"
"1259","511.42922999999996","478.53522","558.42474","417.28511","388.4899","446.08032","476.8434533333334","467.01346","485.62646"
"1272","513.5475366666666","483.20023","554.017","423.77297999999996","400.35852","447.18744","485.44713333333334","475.18265","495.91803"
"1285","528.7392533333333","486.0016","587.54926","432.43632","412.0736","452.79904","490.69716666666665","487.5319","495.9919"
"1298","534.12988","487.73767","599.27527","435.17517499999997","416.1002","454.25015","496.9316666666666","488.22177","511.28583"
"1311","546.6132666666666","490.3475","624.4878","444.51779999999997","429.0275","460.0081","501.68938333333335","485.01694","515.91284"
"1324","552.9712533333333","495.23306","630.5267","448.36332500000003","434.50635","462.2203","512.41161","511.53583","513.2306"
"1337","563.7911066666667","496.91388","657.6896","451.06055000000003","438.7011","463.42","514.2599666666666","508.95187","522.0769"
"1350","576.7065133333334","499.7707","681.8724","455.10846000000004","443.17422","467.0427","520.4422533333333","518.2331","523.06036"
"1363","584.73519","505.67108","688.81995","458.20128","446.03256","470.37","525.3981133333333","522.6185","529.8154"
"1376","593.7485433333333","506.98123","704.6513","459.08107","447.46066","470.70148","531.3647466666667","530.16974","533.3706"
"1389","601.6922000000001","512.2222","710.6707","465.5845","455.70953","475.45947","537.6278866666667","526.5913","544.23096"
"1402","620.8286333333333","514.3044","750.3358","465.90863","455.25128","476.56598","543.5016833333334","536.746","553.43475"
"1415","628.6443033333334","517.61597","763.7036","471.20133","461.611","480.79166","552.12387","549.3923","555.18524"
"1428","640.5092733333335","525.62775","770.46277","473.78824","464.67615","482.90033","556.8941533333334","554.58936","560.2544"
"1441","652.9650499999999","530.43665","799.7613","472.22360000000003","471.7967","472.6505","560.57723","545.716","574.19934"
"1454","666.32279","531.6526","800.71747","452.48122","430.37772","474.58472","573.56348","563.73334","582.1557"
"1467","677.5878833333333","537.12695","829.4154","439.39257499999997","402.38043","476.40472","572.3334833333333","568.719","576.2054"
"1480","690.7157666666667","543.4266","828.369","468.93521","456.49106","481.37936","579.9221699999999","570.5267","586.33014"
"1493","703.0890333333333","550.29065","851.68475","471.28453","457.73746","484.8316","586.0503866666667","577.7018","592.4178"
"1506","707.76589","553.2348","855.37177","477.64862","465.0697","490.22754","592.6652533333333","577.57086","606.8524"
"1519","722.7251533333333","558.5668","866.4139","482.8349","471.32776","494.34204","603.3147133333333","590.62634","616.7294"
"1532","742.7497333333332","565.3828","894.9746","485.4638","475.8181","495.1095","600.1746833333333","591.06464","610.14667"
"1545","747.4852","573.7781","884.4418","492.927685","482.38464","503.47073","609.5162666666666","599.7866","628.9486"
"1558","761.4708066666667","578.21686","926.172","495.28255","485.12726","505.43784","620.92327","604.09674","631.5806"
"1571","760.5017066666668","580.1552","911.86847","497.09535","485.0668","509.1239","625.3518866666667","609.3436","637.3818"
"1584","772.07055","589.8951","926.64795","504.07595000000003","493.55","514.6019","628.0572","610.4848","642.7647"
"1597","784.1289466666667","594.0996","937.09534","507.39098","496.1796","518.60236","629.69377","615.2411","640.57666"
"1610","793.3385866666667","600.50586","955.7068","512.79325","503.3518","522.2347","632.3471","611.3743","645.20966"
"1623","804.1054","607.77124","962.65546","515.48881","502.32712","528.6505","647.94332","633.66565","656.72107"
"1636","810.09987","615.96924","961.0092","519.496285","507.39017","531.6024","651.9087633333334","625.14044","672.8281"
"1649","827.8958200000001","628.58826","989.3085","523.52067","508.82404","538.2173","665.92285","639.4403","684.71875"
"1662","830.6133333333333","633.5684","988.49664","525.36997","510.90164","539.8383","660.4723766666667","639.9346","677.2531"
"1675","858.2991166666667","647.45325","1037.0001","530.6344799999999","516.4271","544.84186","670.6692133333332","649.7588","688.97894"
"1688","856.7810466666666","659.9432","1025.9061","536.7138500000001","524.7213","548.7064","681.5637833333333","650.4014","700.61975"
"1701","871.9013333333334","668.5211","1041.1917","541.2547","530.44965","552.05975","684.0760299999998","663.99036","694.3927"
"1714","889.85568","683.4447","1064.7189","545.07043","531.62006","558.5208","687.9452666666666","659.2327","709.4186"
"1727","898.9013","690.1835","1072.5436","551.4176","535.3921","567.4431","695.2909666666666","661.50275","712.29095"
"1740","901.3991333333333","701.53125","1065.2046","558.6049499999999","543.17017","574.03973","696.6011866666668","656.6192","718.3649"
"1753","915.0429666666665","714.5907","1086.0946","566.120375","550.38055","581.8602","694.2731","668.34546","715.1274"
"1766","930.2370166666666","725.661","1100.573","569.5111999999999","551.02014","588.00226","707.2818833333334","687.4722","721.0709"
"1779","940.7292899999999","736.4235","1110.2098","574.35845","553.7086","595.0083","705.40648","669.79584","730.3721"
"1792","956.1507633333334","743.70825","1123.9175","586.56243","564.158","608.96686","712.3947666666667","690.4276","723.9887"
"1805","961.3041433333334","766.308","1114.3031","594.20835","572.2483","616.1684","720.7747733333332","685.01227","745.9683"
"1818","955.4728333333334","784.9915","1069.027","603.5313249999999","577.03595","630.0267","727.2815366666665","704.3974","740.34827"
"1831","981.1317333333333","799.1286","1108.8896","611.3404499999999","578.2706","644.4103","720.6145200000001","687.58026","740.4671"
"1844","989.3202666666666","801.1763","1105.628","613.0263199999999","582.92334","643.1293","739.1140966666666","711.86115","759.8764"
"1857","1003.4055999999999","818.1644","1129.966","630.94335","597.066","664.8207","746.1412166666665","727.52875","756.4432"
"1870","1021.3818","842.6782","1155.6443","643.97677","603.10474","684.8488","742.7830833333334","708.97845","769.1563"
"1883","1033.6390000000001","851.9682","1160.8218","657.31398","602.64056","711.9874","743.5764566666667","712.7035","761.4027"
"1896","1039.1666","860.1408","1162.5697","664.08528","615.1315","713.03906","743.5163833333332","718.6951","756.26355"
"1909","1037.1233133333333","881.57794","1142.6217","671.24765","620.0618","722.4335","758.1262133333333","726.99524","780.469"
"1922","1051.1907333333331","888.7625","1159.8389","686.659945","628.49445","744.82544","767.4117333333334","737.74316","788.38434"
"1935","1063.5569666666668","902.9756","1164.2623","682.6496500000001","630.2288","735.0705","772.7064833333334","748.20825","801.1527"
"1948","1076.7722333333334","922.8128","1186.1348","707.54513","647.9735","767.11676","769.17188","759.7324","783.56104"
"1961","1086.4601666666667","937.5751","1195.9095","707.822935","650.17114","765.47473","781.9230299999999","760.86993","797.5468"
"1974","1089.4958666666666","943.8114","1181.7992","725.945","657.9178","793.9722","781.5886899999999","755.7456","794.7842"
"1987","1099.94588","961.15564","1173.6868","743.8709","675.1921","812.5497","791.3535999999999","767.2324","804.0843"
"2000","1101.6411666666665","975.8197","1188.1554","754.9219","685.1683","824.6755","790.8808233333334","757.2694","810.96747"
"2013","1109.3338333333334","975.062","1197.9678","756.598625","686.4987","826.69855","794.5662466666668","774.5538","811.15234"
"2026","1122.3478499999999","1008.32245","1207.2911","773.4955749999999","689.2912","857.69995","798.6038166666667","778.3826","816.69635"
"2039","1135.7213000000002","1030.6301","1213.8999","786.14145","702.9082","869.3747","805.8142333333334","790.0732","820.6716"
"2052","1145.4651666666666","1035.876","1231.416","794.83542","718.85077","870.82007","809.9356766666666","783.1672","834.7229"
"2065","1165.1230666666665","1060.8446","1228.9161","810.2633000000001","722.5707","897.9559","814.9939733333334","786.14667","839.2484"
"2078","1159.0923","1056.5198","1237.387","813.9902","735.7646","892.2158","819.4997666666668","789.9666","835.5632"
"2091","1183.7709666666667","1090.5685","1251.3025","818.26397","738.85254","897.6754","824.2388933333333","803.8014","851.84143"
"2104","1177.8510999999999","1111.8011","1236.8307","839.3296700000001","751.3726","927.28674","830.19531","797.05743","865.13214"
"2117","1187.7394666666669","1108.2695","1240.5533","840.99727","762.6279","919.36664","834.09298","814.43744","850.8214"
"2130","1198.4334333333334","1146.7405","1251.692","851.03937","764.3183","937.76044","836.6980233333334","813.17267","860.7899"
"2143","1223.9394333333332","1181.8363","1260.5114","863.364925","786.63635","940.0935","838.2427033333333","806.2629","876.07166"
"2156","1218.2631333333331","1152.456","1252.638","876.4765","787.7474","965.2056","834.9866166666667","810.31195","850.1225"
"2169","1236.8921333333335","1180.273","1295.6339","879.72987","791.2524","968.20734","839.9043466666667","816.8286","869.3549"
"2182","1227.7997333333333","1170.0541","1282.7743","903.14355","809.8306","996.4565","851.7886766666667","833.48346","866.46674"
"2195","1243.7597333333333","1214.6492","1284.2107","898.941895","805.06055","992.82324","861.5189","839.7611","888.7041"
"2208","1249.0132999999998","1218.3582","1281.6404","907.9276500000001","817.8554","997.9999","852.7938333333333","839.86926","871.12024"
"2221","1278.2829666666667","1249.6277","1300.1553","912.1673","826.8675","997.4671","864.2701333333334","838.5828","889.9311"
"2234","1258.6088","1215.1824","1309.4346","927.24278","837.14606","1017.3395","875.09792","859.723","896.94916"
"2247","1272.7511","1238.1821","1310.3582","931.1434750000001","838.8373","1023.44965","871.5156999999999","854.9397","883.4199"
"2260","1279.1629","1260.8904","1310.0619","946.0266","848.3669","1043.6863","870.6286100000001","857.8558","881.33453"
"2273","1269.7008333333333","1235.7698","1288.6586","963.056775","865.20905","1060.9045","884.0056333333333","873.5667","901.05756"
"2286","1300.1003333333333","1259.8579","1326.2937","967.7699499999999","870.0395","1065.5004","881.71564","865.14307","894.1883"
"2299","1297.3597666666667","1273.5746","1321.9567","980.5162","879.1905","1081.8419","891.0347333333334","870.98224","922.92426"
"2312","1304.5674666666666","1273.7478","1341.2086","991.9056","883.4118","1100.3994","883.3353900000001","865.95966","902.06177"
"2325","1311.0012","1283.7134","1350.1232","989.4547499999999","902.9925","1075.917","883.7836533333334","859.3935","902.23236"
"2338","1316.1951333333334","1292.9023","1329.3885","1011.03255","897.2299","1124.8352","899.3588800000001","875.388","924.06604"
"2351","1306.9967","1278.9923","1336.682","1017.69995","908.1924","1127.2075","896.5988833333334","885.224","913.43555"
"2364","1330.6465333333333","1325.8751","1337.4749","1044.29785","922.8085","1165.7872","897.82101","874.522","921.8529"
"2377","1340.6532","1294.3516","1397.7848","1042.65615","917.7898","1167.5225","916.5373533333333","897.7449","927.50806"
"2390","1340.9421333333332","1317.3324","1357.0033","1051.0652","938.0729","1164.0575","911.5905666666667","903.45","927.3541"
"2403","1357.2386333333332","1327.1562","1385.8818","1064.72365","943.1079","1186.3394","915.6506866666665","901.5677","940.9446"
"2416","1348.9307","1333.2108","1377.6244","1069.13125","945.6336","1192.6289","924.8939133333333","912.0352","940.06854"
"2429","1354.6904","1320.5499","1375.4406","1066.9574149999999","952.95703","1180.9578","929.9297533333333","897.9923","962.32416"
"2442","1370.9769","1344.7413","1391.9314","1073.0320000000002","960.8505","1185.2135","931.3534999999998","910.36536","948.38434"
"2455","1357.9316666666666","1333.1073","1381.9392","1098.0167299999998","991.65356","1204.3799","929.1360533333333","903.9879","954.80316"
"2468","1381.0833666666667","1365.255","1389.4507","1105.7691","1008.3662","1203.172","948.0961466666668","936.9793","967.80524"
"2481","1386.2362333333333","1370.3234","1402.3315","1125.6351","1007.2504","1244.0198","938.4340566666666","928.97107","955.8268"
"2494","1405.8323333333335","1378.6993","1427.1045","1112.89457","1007.40094","1218.3882","942.4481666666667","915.7267","976.3954"
"2507","1390.5745","1375.5072","1402.8617","1133.9546500000001","1045.3558","1222.5535","947.2274333333335","932.6729","969.8973"
"2520","1390.3401999999999","1372.808","1414.4236","1130.5055","1032.6154","1228.3956","947.5315166666666","931.93005","963.4516"
"2533","1423.9111","1395.8701","1443.4341","1140.89415","1064.9733","1216.815","951.1435833333334","933.84735","974.1001"
"2546","1381.4615666666666","1363.1477","1401.9695","1156.8942499999998","1059.071","1254.7175","948.2891666666666","939.1498","955.8674"
"2559","1443.5289666666667","1402.1807","1468.0638","1155.76665","1066.0055","1245.5278","953.1354200000001","934.6495","968.6588"
"2572","1413.5496333333333","1383.8036","1434.1222","1171.3384","1082.1985","1260.4783","948.6312900000001","941.76697","960.1642"
"2585","1425.8018999999997","1392.2937","1462.9241","1164.69705","1066.2845","1263.1096","958.3066333333333","943.0334","986.9296"
"2598","1442.170033333333","1418.3672","1456.9265","1170.6237","1063.0243","1278.2231","965.0923033333333","940.59076","995.69275"
"2611","1423.5294333333334","1407.9653","1452.8895","1165.59775","1069.9241","1261.2714","970.6037533333333","952.3199","997.21606"
"2624","1447.3361666666667","1415.1731","1468.1232","1185.97845","1091.4104","1280.5465","970.6987166666668","955.48865","992.1331"
"2637","1445.0356666666667","1441.2471","1451.7379","1197.36845","1103.46","1291.2769","977.1304133333333","961.95746","999.42664"
"2650","1465.1731333333335","1450.9896","1482.319","1190.597","1102.2766","1278.9174","976.9617866666667","968.25","989.7512"
"2663","1489.5165333333334","1457.999","1511.1042","1206.8191499999998","1114.3845","1299.2538","988.8858666666666","966.1964","1004.6255"
"2676","1474.2507666666668","1444.9479","1501.5195","1201.3066","1105.4028","1297.2104","985.3224233333334","973.74133","1007.903"
"2689","1507.2516333333333","1487.2545","1532.1587","1198.7285000000002","1122.6844","1274.7726","1001.5886866666666","983.34863","1031.7104"
"2702","1466.1707666666669","1434.697","1493.8967","1208.36645","1129.4774","1287.2555","1004.2164666666666","995.8195","1014.1653"
"2715","1504.1267","1477.3296","1544.2312","1210.95785","1121.4083","1300.5074","997.1646166666666","984.14075","1011.5816"
"2728","1498.6926999999998","1470.7285","1532.3472","1213.1015499999999","1133.5575","1292.6456","1002.5304566666667","990.05493","1021.40594"
"2741","1479.3436333333332","1437.4761","1519.8025","1220.0924","1132.9714","1307.2134","1001.1735466666665","983.328","1024.4828"
"2754","1449.9394999999997","1447.5831","1453.8885","1236.8117","1156.5038","1317.1196","1001.6738799999999","990.42834","1013.0338"
"2767","1527.9505666666666","1510.4536","1546.2738","1227.65395","1156.0662","1299.2417","1008.58373","995.55884","1022.34955"
"2780","1521.5857333333333","1486.4777","1562.2429","1229.8386500000001","1125.133","1334.5443","1004.35703","984.66785","1033.6995"
"2793","1514.9918666666665","1488.7507","1561.5232","1230.5203999999999","1122.6061","1338.4347","1021.0930199999999","1005.9954","1034.3013"
"2806","1481.2818","1458.2405","1512.2113","1246.9548","1160.893","1333.0166","1021.5445866666665","1015.8639","1025.8536"
"2819","1564.9175666666667","1515.3799","1600.5154","1253.54495","1158.735","1348.3549","1023.2406133333334","1012.00934","1036.6477"
"2832","1520.6175","1455.9307","1563.491","1257.1595499999999","1167.6985","1346.6206","1019.8260533333333","1010.19086","1027.7771"
"2845","1566.6352666666664","1514.4059","1638.3278","1238.66695","1151.5487","1325.7852","1029.2635666666667","1017.8152","1047.8568"
"2858","1552.8012333333334","1520.9846","1573.1339","1246.8291","1128.0331","1365.6251","1023.0136666666667","1018.3263","1031.643"
"2871","1534.3455999999999","1512.992","1574.3262","1265.67175","1174.3236","1357.0199","1036.1313333333335","1017.7959","1047.6337"
"2884","1562.5376999999999","1533.1615","1598.8807","1254.58795","1154.7362","1354.4397","1036.4474666666667","1024.3835","1046.1459"
"2897","1556.8012999999999","1537.1913","1593.9138","1289.729","1197.678","1381.78","1035.6372","1015.5869","1049.3652"
"2910","1556.6182333333334","1519.946","1590.4417","1257.05405","1173.7365","1340.3716","1034.9679333333333","1023.3893","1053.3059"
"2923","1588.0605333333333","1564.8612","1602.7238","1258.5482499999998","1163.8608","1353.2357","1043.4464","1027.1227","1068.3251"
"2936","1599.4292666666668","1556.6819","1628.7498","1258.35925","1154.9329","1361.7856","1041.4021","1035.5416","1052.8438"
"2949","1611.1569","1596.2693","1629.0173","1273.8656500000002","1184.1855","1363.5458","1048.8069333333333","1044.3673","1055.7343"
"2962","1590.1141","1565.2637","1620.4136","1287.5394000000001","1194.7257","1380.3531","1045.0024","1024.7559","1068.817"
"2975","1604.4633666666668","1583.1581","1620.4545","1289.3763","1196.7408","1382.0118","1043.8381333333334","1032.4401","1061.6237"
"2988","1609.1823333333334","1585.4452","1626.3553","1289.14525","1201.4166","1376.8739","1052.2132666666666","1040.3578","1068.6193"
"3001","1651.3054","1620.112","1693.9694","1289.92975","1189.6255","1390.234","1055.2774333333334","1039.7366","1077.5563"
"3014","1645.003633333333","1596.9319","1704.972","1307.58755","1205.4585","1409.7166","1050.7516666666668","1036.2156","1067.0737"
"3027","1651.5277666666668","1621.9481","1678.1805","1315.9211","1199.4695","1432.3727","1057.7832333333333","1043.8282","1069.0575"
"3040","1630.7418666666665","1616.3451","1645.538","1318.3435","1228.4752","1408.2118","1054.6282666666668","1049.7776","1062.3712"
"3053","1693.6365999999998","1666.4047","1743.686","1314.0034","1223.4801","1404.5267","1065.4287333333334","1059.9836","1072.9857"
"3066","1667.3464666666666","1621.978","1702.9385","1311.98145","1189.3108","1434.6521","1063.8157333333331","1056.2993","1068.5842"
"3079","1663.1827666666668","1633.2551","1695.692","1319.3346999999999","1231.3466","1407.3228","1072.0717666666667","1068.0919","1074.6002"
"3092","1685.3823666666667","1669.3682","1706.8152","1318.75855","1229.6016","1407.9155","1066.3769","1051.4503","1088.5779"
"3105","1697.1657666666667","1596.5687","1771.2029","1331.9232","1246.3225","1417.5239","1068.3179666666667","1048.8634","1089.6815"
"3118","1727.5039666666664","1701.1852","1767.6835","1299.9257499999999","1185.42","1414.4315","1077.7040666666667","1061.1953","1095.9839"
"3131","1715.0226000000002","1681.6045","1748.547","1346.9483","1257.2408","1436.6558","1076.9549333333334","1061.0421","1092.919"
"3144","1732.7930999999999","1717.2935","1752.1089","1333.94275","1247.1144","1420.7711","1079.6098333333332","1055.4053","1097.7069"
"3157","1730.1202666666668","1687.5126","1752.9554","1303.83005","1222.2745","1385.3856","1085.2494","1065.3837","1104.2537"
"3170","1765.624","1750.7402","1776.3296","1327.5169","1222.3507","1432.6831","1090.0403666666666","1076.5175","1113.8751"
"3183","1730.0633333333335","1700.1277","1751.3584","1338.61875","1251.2235","1426.014","1089.1634999999999","1074.4474","1107.792"
"3196","1793.5421","1778.0052","1824.3173","1359.3020000000001","1272.8569","1445.7471","1093.8544333333332","1077.3853","1111.4275"
"3209","1762.9332000000002","1722.5089","1787.2671","1343.39735","1259.6947","1427.1","1095.4601999999998","1081.8074","1106.1254"
"3222","1795.3047","1774.9458","1815.092","1363.97675","1265.7554","1462.1981","1107.1750333333332","1103.3647","1111.1641"
"3235","1795.0777666666665","1773.5153","1822.3727","1365.6634","1269.8145","1461.5123","1095.4555","1090.5695","1098.5822"
"3248","1790.8157333333336","1757.3972","1846.9747","1360.67135","1251.9443","1469.3984","1094.2425666666668","1082.1267","1100.526"
"3261","1803.5320000000002","1764.7405","1832.4255","1352.316","1271.7242","1432.9078","1102.1108000000002","1074.3135","1127.9618"
"3274","1814.2482","1808.3145","1824.7091","1354.4846499999999","1251.5101","1457.4592","1097.9874666666667","1085.2031","1105.4038"
"3287","1797.4194","1794.3983","1799.2588","1357.7046500000001","1275.1492","1440.2601","1101.0176","1079.3292","1121.9669"
"3300","1867.5406333333333","1818.98","1907.1307","1362.9171000000001","1284.349","1441.4852","1098.7695333333334","1079.2474","1110.3525"
"3313","1851.0558","1834.2659","1868.3124","1383.6680000000001","1264.43","1502.906","1111.0493","1086.6509","1127.853"
"3326","1849.6470333333334","1805.7819","1885.9594","1371.5365000000002","1281.496","1461.577","1112.0291666666667","1100.5286","1134.9716"
"3339","1887.0379666666668","1854.667","1948.6295","1398.6104500000001","1302.3479","1494.873","1112.1418","1089.9408","1125.3553"
"3352","1922.3453333333334","1881.5155","1944.7777","1372.2908","1281.0065","1463.5751","1114.4765","1099.8168","1126.1819"
"3365","1874.5798000000002","1849.3639","1902.2899","1403.57375","1288.6385","1518.509","1114.155","1093.6173","1127.7029"
"3378","1877.4854000000003","1852.8871","1891.7322","1392.0718000000002","1274.7389","1509.4047","1120.5654333333332","1114.1711","1129.3274"
"3391","1920.8414999999998","1892.4713","1950.2649","1402.73695","1303.8391","1501.6348","1124.0528000000002","1111.0673","1132.3553"
"3404","2001.4749666666667","1940.7782","2052.2778","1398.4473","1317.8665","1479.0281","1127.0581","1110.1243","1136.4565"
"3417","1978.9903000000002","1920.4286","2047.7637","1392.3065","1294.0918","1490.5212","1135.3978666666665","1124.4161","1150.2515"
"3430","1969.6238666666668","1910.0989","2002.0394","1415.5217499999999","1275.9817","1555.0618","1133.1994","1121.8254","1150.8983"
"3443","2007.4322","1957.6458","2061.0425","1395.1050500000001","1327.1067","1463.1034","1133.6093333333333","1115.8319","1144.6022"
"3456","2003.8099000000002","1949.2213","2075.3787","1421.1177","1319.4076","1522.8278","1133.0821666666668","1113.5404","1145.5485"
"3469","2012.2269333333334","1934.744","2059.1917","1426.1061","1294.5479","1557.6643","1144.9248","1132.0547","1159.849"
"3482","1986.5400333333334","1954.8787","2027.3713","1440.31285","1332.6115","1548.0142","1141.8224","1136.4563","1149.8057"
"3495","2059.1601","1986.3423","2097.871","1401.6779000000001","1274.8542","1528.5016","1142.0736333333334","1134.128","1147.3809"
"3508","2019.5930333333333","1982.0221","2072.3833","1420.17515","1310.8252","1529.5251","1145.7391","1128.1","1162.7626"
"3521","2090.063833333333","2008.1475","2150.806","1426.5988","1324.489","1528.7086","1151.0738333333331","1143.1171","1164.0544"
"3534","2052.6819","1932.3881","2193.223","1459.0136499999999","1340.6837","1577.3436","1148.8051","1142.4868","1157.1198"
"3547","2114.0199666666663","2107.6729","2119.325","1439.23855","1326.2897","1552.1874","1155.6411","1147.944","1166.174"
"3560","2086.7978333333335","2038.7305","2176.9705","1441.31805","1346.8837","1535.7524","1152.3483666666668","1138.5475","1161.3374"
"3573","2054.279233333333","1985.3167","2095.8486","1436.86065","1353.0403","1520.681","1159.4546666666665","1146.6951","1179.7738"
"3586","2137.0886666666665","2100.5837","2165.891","1427.5639","1324.7975","1530.3303","1158.9658666666667","1144.9122","1172.9471"
"3599","2118.456833333333","2069.5845","2147.295","1448.2128","1342.5435","1553.8821","1154.4674666666667","1135.4648","1168.706"
"3612","2171.8961","2141.585","2195.063","1460.5158000000001","1342.9681","1578.0635","1156.3951","1145.9902","1173.1254"
"3625","2202.5002666666664","2125.4734","2262.1409","1446.2784000000001","1354.9392","1537.6176","1165.5146333333332","1156.0273","1173.4448"
"3638","2152.304566666667","2134.2715","2175.8582","1470.0381","1343.0327","1597.0435","1169.782766666667","1156.9978","1179.7659"
"3651","2221.2459333333336","2051.8215","2417.9053","1466.97515","1372.5144","1561.4359","1163.8951333333332","1160.3087","1170.8418"
"3664","2292.7549","2214.9456","2408.0938","1480.2701000000002","1373.9834","1586.5568","1169.804666666667","1159.2234","1175.4727"
"3677","2240.0343666666668","2151.127","2368.2957","1499.1667499999999","1381.0247","1617.3088","1179.9517","1169.5602","1188.0803"
"3690","2234.8737666666666","2157.7131","2328.4177","1483.55135","1352.2423","1614.8604","1181.1584","1168.0017","1189.4285"
"3703","2288.291333333333","2194.3137","2369.0737","1505.39615","1382.1375","1628.6548","1180.1527333333333","1165.4279","1194.7108"
"3716","2407.4704666666667","2369.0464","2432.3772","1534.0368","1413.5177","1654.5559","1183.9192","1168.5972","1192.1321"
"3729","2365.1443999999997","2290.7866","2468.3716","1499.1963","1382.3789","1616.0137","1193.4919333333335","1180.6975","1201.2524"
"3742","2322.776066666667","2229.5137","2374.9358","1533.5248000000001","1424.1603","1642.8893","1196.2600666666667","1187.3466","1206.9133"
"3755","2377.4994","2301.6003","2418.3562","1519.0859","1418.2233","1619.9485","1196.0252333333335","1185.3152","1207.2408"
"3768","2338.9272","2285.5786","2433.85","1491.67065","1379.6309","1603.7104","1197.4348666666667","1189.6261","1203.398"
"3781","2346.9815999999996","2223.325","2493.8464","1513.3575","1385.2694","1641.4456","1203.5087","1195.8624","1215.4667"
"3794","2390.1819666666665","2263.1074","2469.1892","1538.4148500000001","1399.7139","1677.1158","1194.8565333333333","1186.6544","1200.6224"
"3807","2516.7876666666666","2383.2837","2708.2383","1511.8078500000001","1371.2356","1652.3801","1197.7729666666667","1188.3326","1205.6316"
"3820","2563.7978000000003","2494.524","2691.823","1533.52275","1381.7568","1685.2887","1202.8240333333333","1193.0826","1210.5149"
"3833","2471.173166666667","2345.8564","2676.5376","1527.64945","1388.7988","1666.5001","1202.6177","1193.5126","1213.1582"
"3846","2507.8871333333336","2456.501","2550.0146","1562.50465","1426.3729","1698.6364","1210.8740666666665","1196.5913","1221.4762"
"3859","2531.4752000000003","2455.1514","2592.9185","1557.277","1438.7793","1675.7747","1209.0409000000002","1198.8802","1217.7054"
"3872","2592.3253333333337","2453.6926","2683.5054","1543.3475","1432.1862","1654.5088","1205.2018333333333","1187.7943","1218.0767"
"3885","2566.595933333333","2448.508","2739.854","1557.5128","1437.9124","1677.1132","1211.6571333333334","1202.8818","1228.8397"
"3898","2580.2164","2484.9246","2745.4067","1547.5058","1428.5206","1666.491","1218.1355333333333","1206.719","1224.1875"
"3911","2677.689066666667","2638.01","2745.0122","1552.5902","1428.7828","1676.3976","1220.5686666666668","1212.3141","1230.2275"
"3924","2712.1812999999997","2650.0024","2834.1614","1587.25235","1444.6544","1729.8503","1222.2269","1205.6041","1239.7606"
"3937","2656.2521","2552.2393","2784.161","1568.25735","1423.4354","1713.0793","1226.7347333333335","1220.411","1234.1548"
"3950","2851.6967666666665","2731.1196","2974.0706","1621.21505","1407.3042","1835.1259","1226.0021666666667","1213.7474","1236.017"
"3963","2757.6672333333336","2632.0486","2904.9575","1610.72325","1476.4937","1744.9528","1223.8334000000002","1211.1558","1235.2234"
"3976","2820.476466666667","2702.517","2958.6484","1646.4151499999998","1471.6725","1821.1578","1234.6972333333333","1221.608","1247.6487"
"3989","2879.5572666666667","2717.465","2968.7388","1604.3060500000001","1467.4121","1741.2","1235.7020666666667","1225.9841","1247.5222"
"4002","2886.3147666666664","2842.2913","2926.115","1639.6653999999999","1424.3667","1854.9641","1238.2262333333335","1229.723","1254.782"
"4015","2816.7364333333335","2477.4812","3268.7869","1589.2497","1443.2897","1735.2097","1244.1081000000001","1238.2572","1250.7506"
"4028","2874.2028666666665","2860.1157","2900.8445","1600.2553","1438.0642","1762.4464","1240.0078333333333","1226.7573","1253.2617"
"4041","2955.301033333333","2899.4014","3005.9883","1612.49875","1462.51","1762.4875","1237.8197666666667","1229.3497","1252.4088"
"4054","2976.757","2879.9775","3065.9229","1632.0812500000002","1502.4218","1761.7407","1245.8184333333331","1232.7621","1260.6389"
"4067","3189.211666666666","2912.2324","3408.627","1647.7012","1497.0337","1798.3687","1248.7749000000001","1239.6941","1264.2646"
"4080","3080.077366666667","2980.4958","3195.334","1646.43025","1480.3859","1812.4746","1244.5514333333333","1226.5732","1253.56"
"4093","3125.7413","3045.4192","3238.9475","1656.06515","1500.5704","1811.5599","1248.2218","1234.787","1268.7024"
"4106","3355.8046","3044.2336","3609.8303","1657.59825","1508.6327","1806.5638","1253.9071333333331","1234.7804","1267.2667"
"4119","3366.6910666666663","3295.0005","3408.2585","1633.1104","1501.9774","1764.2434","1251.5026","1238.9457","1274.094"
"4132","3271.778166666667","3089.4414","3507.6028","1627.5859500000001","1514.4529","1740.719","1252.5657","1237.5385","1277.0385"
"4145","3526.6329666666666","3333.809","3715.7205","1703.2685000000001","1538.132","1868.405","1253.9703333333332","1243.8995","1271.4241"
"4158","3424.5651333333335","3225.84","3728.7922","1734.6174","1561.6833","1907.5515","1255.2494333333334","1231.7175","1286.7803"
"4171","3686.5341666666664","3540.9883","3762.7175","1657.09625","1509.4252","1804.7673","1262.0535","1243.7291","1295.9299"
"4184","3530.1809","3362.432","3621.0527","1714.65515","1534.637","1894.6733","1255.9575666666667","1230.8638","1283.7069"
"4197","3657.1603333333333","3043.9858","4008.7476","1667.7217","1508.4281","1827.0153","1269.5657333333331","1247.3412","1300.161"
"4210","3367.4282333333335","3113.2993","3526.116","1679.62595","1534.7073","1824.5446","1265.4931666666669","1251.5851","1288.3608"
"4223","3572.3016000000002","3336.3743","4040.645","1715.0918000000001","1552.5651","1877.6185","1269.6247333333333","1252.2031","1302.0736"
"4236","3748.870033333333","3521.0056","3866.1104","1725.67555","1526.6511","1924.7","1263.6538333333335","1242.1029","1301.2612"
"4249","3756.772233333333","3519.635","3880.5867","1722.172","1581.9738","1862.3702","1272.3165666666666","1254.6498","1304.1372"
"4262","3979.176833333333","3416.8704","4427.5786","1721.2694999999999","1536.5294","1906.0096","1275.4836666666667","1256.3075","1299.4954"
"4275","3715.0579333333335","3573.5925","3895.1895","1696.1537","1532.2089","1860.0985","1270.5858333333333","1251.1633","1308.8569"
"4288","3905.9040666666665","3716.2852","4239.3804","1724.7143500000002","1563.8773","1885.5514","1270.1810666666668","1257.208","1293.7268"
"4301","4046.2619666666665","3807.0093","4406.0854","1762.7747","1567.9371","1957.6123","1275.4694","1256.5621","1305.0907"
"4314","4027.8375666666666","3734.3267","4326.685","1733.27195","1560.9045","1905.6394","1276.0023333333331","1253.5964","1305.0258"
"4327","4155.700333333333","4022.5366","4293.541","1783.1154000000001","1572.8252","1993.4056","1281.0267000000001","1258.7488","1314.1776"
"4340","4237.860333333333","4152.907","4370.348","1814.8953000000001","1609.1096","2020.681","1287.4489333333333","1255.3881","1323.3585"
"4353","4111.893466666666","3910.8877","4394.57","1782.01045","1609.5623","1954.4586","1287.4170666666666","1260.0203","1320.658"
"4366","4339.248966666667","3865.2253","4759.5356","1777.5475","1604.321","1950.774","1296.1037666666668","1265.0945","1330.6237"
"4379","4710.588433333333","4579.115","4841.9253","1753.5836","1596.1682","1910.999","1286.5951333333333","1266.6125","1322.788"
"4392","4565.4526000000005","4491.1255","4663.0923","1757.49065","1575.2046","1939.7767","1292.9201333333333","1270.3627","1335.0035"
"4405","4371.688399999999","4178.7314","4557.74","1805.1884","1653.2628","1957.114","1292.043","1262.799","1341.7361"
"4418","4409.341566666666","4059.4612","4598.003","1839.0360999999998","1654.244","2023.8282","1297.3290333333332","1278.2113","1334.9922"
"4431","5055.431133333333","4476.6514","5401.982","1834.84855","1667.0709","2002.6262","1301.3720333333333","1273.0646","1345.6036"
"4444","4767.777133333334","4421.3164","5133.435","1826.44025","1656.7465","1996.134","1298.2063","1274.495","1342.2592"
"4457","4743.875466666666","4288.546","5146.202","1825.08545","1636.9094","2013.2615","1302.7541666666666","1281.0363","1343.2811"
"4470","5030.684466666667","4498.1284","5564.536","1832.04575","1702.3698","1961.7217","1312.0182333333335","1289.7944","1353.1346"
"4483","4991.090766666666","4603.751","5186.347","1895.98375","1666.7455","2125.222","1312.9304","1279.2076","1364.2538"
"4496","5098.7271","4949.355","5215.359","1854.6526","1698.6499","2010.6553","1310.7135333333333","1286.2389","1353.6008"
"4509","5250.1910333333335","4660.8457","6039.6304","1914.6759","1689.3428","2140.009","1315.9386","1286.4647","1363.3877"
"4522","5173.952333333334","5035.017","5323.713","1900.0221499999998","1669.7631","2130.2812","1313.6582","1289.0032","1358.5406"
"4535","5355.845166666667","4764.331","5735.955","1868.9495000000002","1693.8746","2044.0244","1320.005","1289.7955","1369.2361"
"4548","5278.431633333334","4914.3896","5471.0825","1936.67615","1705.908","2167.4443","1315.2139333333334","1286.5858","1367.7173"
"4561","5330.036566666667","4938.56","5658.12","1919.48065","1665.172","2173.7893","1320.3686","1280.6115","1378.835"
"4574","5082.4003","4611.4644","5527.298","1903.18455","1760.4886","2045.8805","1326.2444","1288.4791","1383.8191"
"4587","5379.6083","5004.342","5817.2856","1900.7224500000002","1726.4059","2075.039","1324.9835333333333","1290.3932","1372.7382"
"4600","5641.743666666666","5273.7573","6066.377","1915.6715","1700.4485","2130.8945","1330.3114666666668","1288.389","1390.683"
"4613","5637.853166666667","5491.369","5837.8525","1860.3868","1708.3074","2012.4662","1334.2866333333334","1297.821","1386.723"
"4626","5640.803666666667","5066.7466","6073.5464","1913.28445","1684.1656","2142.4033","1329.5611666666666","1286.8394","1397.1722"
"4639","5902.526366666666","5550.501","6240.3174","1943.54645","1727.9166","2159.1763","1335.2194333333334","1288.1948","1402.7937"
"4652","5518.922333333333","5182.559","5776.188","1987.13175","1716.4312","2257.8323","1336.7086666666667","1293.0883","1386.3739"
"4665","5548.4942","4786.7","6080.4746","1956.431","1692.6183","2220.2437","1334.5003333333334","1286.8785","1396.8555"
"4678","5768.046466666667","5097.5264","6245.59","1951.1539","1753.0602","2149.2476","1332.0823666666665","1289.7761","1383.1681"
"4691","5873.016200000001","5618.3706","6319.396","2017.75695","1832.2375","2203.2764","1333.7583666666667","1286.946","1386.559"
"4704","6009.4458","5888.853","6103.481","1971.6028000000001","1741.0576","2202.148","1344.2560666666668","1290.7233","1393.3368"
"4717","6103.2268","5761.612","6495.2314","1933.62645","1707.6477","2159.6052","1347.668","1299.7117","1410.5931"
"4730","6202.767766666667","5887.793","6460.1953","2029.9362","1787.8014","2272.071","1337.1766666666665","1294.0071","1386.9261"
"4743","6290.6143","5936.611","6535.2905","1982.44535","1758.46","2206.4307","1343.082","1290.4031","1394.1796"
"4756","5965.728033333333","5096.1396","6564.3555","1988.63195","1729.4469","2247.817","1342.5487666666668","1297.0494","1398.4814"
"4769","6152.1387","5739.716","6543.8354","2072.9018","1796.8771","2348.9265","1350.6292333333333","1299.6658","1409.633"
"4782","6196.021966666667","6022.4683","6442.1636","1937.7058000000002","1769.9878","2105.4238","1344.3430333333333","1302.5327","1386.3206"
"4795","6386.3081999999995","6176.142","6730.1826","2028.6238","1805.4004","2251.8472","1353.0048333333334","1297.2473","1408.0101"
"4808","6172.136566666667","5819.79","6596.0527","2051.5031","1795.1912","2307.815","1347.0338666666667","1295.8704","1396.4891"
"4821","6414.912","6063.411","6868.845","2082.6759","1822.8157","2342.5361","1349.8909333333334","1302.4655","1395.0144"
"4834","6540.1061","5739.4097","7272.727","2199.7147","1796.186","2603.2434","1349.9018333333333","1298.081","1401.641"
"4847","6441.7210000000005","6102.06","6697.266","2082.95875","1820.9431","2344.9744","1361.7245333333333","1310.7266","1407.908"
"4860","6362.679466666667","5669.3584","6958.541","2166.13445","1796.4515","2535.8174","1355.5441666666668","1293.5123","1415.1125"
"4873","6259.899233333333","5833.659","6761.277","2138.04065","1843.5186","2432.5627","1358.0654333333332","1302.8601","1409.8966"
"4886","6372.698166666666","5732.989","7189.855","2098.3992","1832.3196","2364.4788","1363.3145666666667","1312.4268","1418.5208"
"4899","6834.631333333334","6250.719","7650.729","2105.29085","1819.6261","2390.9556","1365.4347","1312.1735","1413.7389"
"4912","6743.567866666667","6442.4043","7269.2427","2126.30015","1846.7585","2405.8418","1375.0280666666667","1310.7478","1422.4233"
"4925","6729.473999999999","6404.604","7079.888","2078.99505","1798.8087","2359.1814","1374.1280666666669","1308.8849","1428.9993"
"4938","6940.463133333334","6654.986","7121.398","2226.2009","1964.538","2487.8638","1365.9914666666666","1304.6438","1418.0996"
"4951","6625.4795","6378.2812","6796.0903","2150.02845","1841.5066","2458.5503","1373.1891666666663","1321.135","1427.9723"
"4964","6874.893","6773.265","7024.506","2163.5012500000003","1861.3091","2465.6934","1377.161033333333","1314.3291","1435.4797"
"4977","6870.132866666667","6404.859","7207.4346","2096.9804","1837.138","2356.8228","1377.0331999999999","1319.585","1440.4698"
"4990","6740.181666666666","6614.651","6839.147","2217.1018","1890.1906","2544.013","1373.1402666666665","1306.6864","1440.3147"
"5003","6647.8512666666675","6001.762","7019.094","2347.5617","1899.4213","2795.7021","1382.4979999999998","1324.6743","1446.5756"
"5016","6853.2959","6300.3447","7382.3174","2244.78735","1914.6277","2574.947","1380.0084","1326.6422","1439.2584"
"5029","7155.320166666667","6670.6895","7744.0977","2273.1138","1940.1505","2606.0771","1379.7816","1319.9967","1444.7731"
"5042","6677.759300000001","6591.1704","6722.0347","2233.8512","1894.8364","2572.866","1385.0880666666665","1329.9271","1441.6959"
"5055","6828.917233333334","6588.303","7252.7607","2242.5461","1895.5272","2589.565","1388.2053666666668","1321.3478","1455.083"
"5068","7018.910866666666","6651.807","7616.597","2217.0016","1927.4436","2506.5596","1392.1213","1324.4534","1457.3854"
"5081","6872.956866666666","6783.1196","6985.382","2246.1416","1917.5415","2574.7417","1388.3854666666666","1325.5153","1456.4995"
"5094","7031.259733333333","6333.1855","7387.0527","2307.64185","2011.1785","2604.1052","1390.615966666667","1314.8732","1463.3558"
"5107","6812.599099999999","6345.1113","7280.9116","2422.16525","2026.3464","2817.9841","1398.5991333333334","1327.2921","1464.2039"
"5120","7148.6430666666665","6812.267","7435.0186","2385.06","1933.3417","2836.7783","1400.1345000000001","1333.2966","1462.764"
"5133","7158.705833333333","6687.654","7440.6055","2245.9556000000002","1946.8619","2545.0493","1400.8094666666666","1330.1976","1463.86"
"5146","7154.182466666666","6719.883","7610.6904","2423.5018999999998","1974.3519","2872.6519","1396.3078333333333","1313.3877","1474.2792"
"5159","7246.153299999999","6944.7705","7674.727","2355.7475","2009.677","2701.818","1396.6422333333333","1318.9241","1471.5981"
"5172","7066.412499999999","6950.173","7153.94","2517.8954","2044.3998","2991.391","1397.2376000000002","1322.6189","1468.6333"
"5185","7174.262699999999","6982.0513","7301.0005","2376.27045","1960.3165","2792.2244","1402.2870333333333","1324.7719","1474.714"
"5198","7289.117066666666","6711.922","7926.7485","2428.13415","2045.3403","2810.928","1402.5197666666666","1325.3633","1470.0869"
"5211","7248.1465","7087.7383","7377.5747","2428.32015","2078.6318","2778.0085","1410.3772666666666","1329.6871","1482.2081"
"5224","7187.565833333334","6936.381","7571.3145","2454.73025","2108.7559","2800.7046","1411.0736333333334","1332.0875","1481.598"
"5237","7214.1849","7060.6157","7324.819","2421.3618500000002","2065.6353","2777.0884","1413.0111333333332","1332.2449","1489.8228"
"5250","7297.303599999999","7231.884","7368.4985","2482.79185","2163.7163","2801.8674","1414.3333666666665","1335.5131","1485.9274"
"5263","7322.9137","6877.5693","7875.6943","2479.88","2085.1807","2874.5793","1419.0147666666664","1341.5735","1496.6677"
"5276","7634.684066666668","7341.247","7974.1846","2517.40305","2028.0144","3006.7917","1421.2432333333334","1342.1262","1494.2941"
"5289","7523.011833333334","7255.425","7668.569","2477.1557000000003","2101.6064","2852.705","1417.3396999999998","1334.8549","1491.4176"
"5302","7559.7536666666665","7313.258","7771.859","2455.3434500000003","2016.1461","2894.5408","1432.4247333333333","1356.8422","1500.1245"
"5315","7494.103566666668","7291.1953","7692.3364","2525.1773","2036.1406","3014.214","1421.1494","1346.5521","1487.5588"
"5328","7517.4316","7315.5107","7832.1567","2503.2791500000003","2121.059","2885.4993","1431.019933333333","1355.4161","1504.4623"
"5341","7820.047466666667","7560.561","7964.118","2659.2920000000004","2124.5383","3194.0457","1432.3113999999998","1353.1769","1504.2693"
"5354","7517.332966666666","7206.4316","7893.372","2630.74115","2182.528","3078.9543","1439.1894","1355.4585","1509.038"
"5367","7437.797766666667","7043.7607","7724.2236","2645.3091","2164.6182","3126","1433.633966666667","1344.9465","1508.3949"
"5380","7369.601299999999","6939.884","7693.6733","2685.5852","2213.8867","3157.2837","1431.5920666666668","1341.5999","1500.4926"
"5393","7456.411800000001","7274.6143","7780.5444","2667.05955","2078.2927","3255.8264","1439.6400999999998","1345.8573","1509.6077"
"5406","7355.988766666666","7120.4976","7690.5024","2544.65905","2129.2551","2960.063","1440.4065","1354.1318","1504.3245"
"5419","7449.561433333333","7143.8853","7721.14","2603.49915","2069.4683","3137.53","1445.3121","1352.8867","1508.288"
"5432","7830.074766666666","7607.1123","8004.672","2586.0782499999996","2132.5525","3039.604","1442.8509000000001","1343.579","1508.8079"
"5445","7619.961833333334","7515.0225","7738.545","2700.754","2149.8198","3251.6882","1448.1579666666667","1355.6132","1505.2513"
"5458","7495.4241","7213.3896","7680.5737","2788.9795","2056.6643","3521.2947","1449.965","1362.0725","1514.4224"
"5471","7526.786233333332","7026.267","8028.474","2585.83735","2167.9817","3003.693","1454.9251666666667","1362.0706","1522.8198"
"5484","7741.7067","7461.5474","8140.269","2685.53845","2200.4783","3170.5986","1448.7496","1354.4681","1523.1979"
"5497","7454.998733333334","7174.6865","7951.0547","2718.7993","2172.6226","3264.976","1462.4784666666665","1365.1644","1534.5054"
"5510","7635.255833333334","7166.9385","8229.877","2841.11755","2292.3135","3389.9216","1462.9544999999998","1364.6033","1532.7177"
"5523","7639.0228","7526.9663","7841.1626","2959.74265","2324.3525","3595.1328","1462.6674333333333","1364.7052","1533.2274"
"5536","7507.107033333334","7323.2427","7631.0054","3008.1177","2263.4275","3752.8079","1468.2201333333333","1377.1505","1534.6863"
"5549","7579.0292","7484.05","7644.165","2911.0875","2318.6677","3503.5073","1467.1916333333331","1373.7057","1531.6943"
"5562","7719.633366666666","7513.986","8007.5176","2986.8806","2272.0708","3701.6904","1469.5069","1376.2753","1541.5105"
"5575","7612.540533333333","7195.9146","7827.651","2786.8064000000004","2284.5354","3289.0774","1470.3989000000001","1375.7783","1546.4835"
"5588","7544.458833333333","7026.39","7840.569","2767.31415","2279.7773","3254.851","1479.4923","1389.6396","1545.1996"
"5601","7652.657","7537.555","7850.839","3010.9411499999997","2383.417","3638.4653","1471.5560333333333","1374.6576","1537.021"
"5614","7885.319766666667","7786.674","7960.5083","2769.7909","2214.1406","3325.4412","1478.572766666667","1380.0052","1554.4854"
"5627","7982.188899999998","7481.6113","8342.47","2983.49975","2332.093","3634.9065","1481.4907333333333","1383.0085","1551.0355"
"5640","7593.211866666667","7106.574","8037.13","3159.82175","2279.0747","4040.5688","1488.8402333333333","1389.5885","1558.1743"
"5653","7778.189566666667","7382.797","8234.28","3097.0814","2378.4316","3815.7312","1488.2306","1380.4458","1554.4607"
"5666","8076.282766666666","7812.4653","8332.956","2910.63785","2339.68","3481.5957","1487.1441666666667","1379.9194","1560.5378"
"5679","7883.046333333333","7484.111","8218.702","3296.2137","2427.7644","4164.663","1494.3796000000002","1398.1467","1563.5985"
"5692","7839.323666666667","7439.177","8213.04","3224.0738499999998","2593.1152","3855.0325","1491.1932666666664","1387.8191","1562.6488"
"5705","7868.5718333333325","7436.0215","8492.346","3021.72045","2464.6367","3578.8042","1496.5469999999998","1391.4246","1574.0803"
"5718","8064.875266666667","7299.2734","8762.41","3308.3097","2454.3684","4162.251","1496.3758","1388.1628","1575.4183"
"5731","8078.250566666667","7604.894","8470.491","3214.4066000000003","2396.8862","4031.927","1500.9789333333335","1390.0743","1572.406"
"5744","7866.469166666667","7529.92","8205.968","3089.70665","2528.6018","3650.8115","1501.3858666666667","1393.1305","1573.8423"
"5757","7908.733333333334","7768.694","8169.028","3125.03135","2452.0227","3798.04","1504.3178333333333","1398.9061","1576.356"
"5770","8066.811233333334","7806.733","8249.978","3332.65825","2519.858","4145.4585","1511.7533666666668","1402.307","1587.355"
"5783","7991.799466666667","7760.2114","8224.77","3469.8508","2506.726","4432.9756","1507.3798666666664","1399.1093","1586.3542"
"5796","8028.983333333333","7699.242","8464.1455","3333.95835","2391.2637","4276.653","1517.5851999999998","1408.5372","1589.8772"
"5809","7565.711900000001","7350.506","7700.6367","3340.7969999999996","2594.961","4086.633","1516.1273","1407.5557","1601.7783"
"5822","7966.806133333333","7508.475","8480.21","3444.7661","2394.5422","4494.99","1522.1110666666666","1411.138","1599.3274"
"5835","8197.991433333334","7733.4146","8794.881","3032.4043","2483.9302","3580.8784","1515.7253666666666","1406.36","1598.6887"
"5848","7830.393133333334","7431.499","8281.677","3455.62795","2494.8604","4416.3955","1520.1184","1398.4113","1605.7996"
"5861","8219.12","8030.923","8374.509","3333.22825","2484.6345","4181.822","1526.5296333333335","1415.1504","1610.5183"
"5874","8025.481333333333","7501.866","8383.859","3327.0996999999998","2659.7927","3994.4067","1524.3337333333332","1417.0216","1604.1046"
"5887","7882.940133333333","7672.8584","8259.648","3746.3606500000005","2641.5183","4851.203","1532.6535666666666","1427.2035","1610.9957"
"5900","8046.766","7799.803","8524.952","3631.2976","2581.4575","4681.1377","1532.3255666666666","1416.7913","1616.7333"
"5913","8132.0775","7703.4775","8726.772","3566.8738999999996","2685.7732","4447.9746","1536.1328","1421.3906","1616.7233"
"5926","8161.472666666666","8019.142","8388.03","3315.5447000000004","2475.3284","4155.761","1540.4575333333335","1421.1532","1621.9154"
"5939","8239.044166666667","7766.4395","8493.144","3706.3258","2553.3943","4859.2573","1536.7133999999999","1424.3999","1624.7869"
"5952","8047.002233333333","7848.8833","8278.224","3652.0478","2803.682","4500.4136","1542.2504000000001","1418.1394","1634.5851"
"5965","7973.047766666666","7716.7397","8417.576","3693.7393","2758.8206","4628.658","1548.5543333333335","1430.6464","1632.5758"
"5978","8314.654466666667","7893.9814","8789.067","3718.69425","2717.3215","4720.067","1550.3146","1424.5168","1636.0336"
"5991","8379.526766666668","8021.8223","8815.856","3444.007","2736.518","4151.496","1551.6025333333334","1445.8422","1631.0471"
"6004","8304.970666666666","7929.2437","8876.784","3529.7287","2737.0234","4322.434","1550.5454666666667","1422.9463","1641.3107"
"6017","8216.071000000002","7728.3115","8810.547","3776.51865","2589.4773","4963.56","1553.8204666666668","1430.8394","1640.279"
"6030","8167.256666666667","7844.3203","8532.397","3875.382","2841.492","4909.272","1556.2515333333333","1436.4343","1647.2312"
"6043","8173.957666666666","7783.537","8420.927","4017.2839","2921.6152","5112.9526","1559.9293","1436.3484","1644.6132"
"6056","8057.318133333333","7689.8594","8254.347","3711.1289500000003","2788.9219","4633.336","1564.2787333333333","1438.5283","1651.5146"
"6069","8270.659099999999","7713.4253","8851.891","3901.5957","2739.4297","5063.7617","1565.6113999999998","1437.0935","1646.2992"
"6082","8465.773133333334","7944.1494","8878.795","4158.7889","2821.88","5495.6978","1560.9516","1432.9354","1653.2684"
"6095","8094.652033333333","8026.5767","8186.5527","3881.60025","2809.9595","4953.241","1566.5354333333332","1443.903","1662.3226"
"6108","7893.601466666667","7337.0044","8366.27","4002.22535","3074.9937","4929.457","1571.6872333333333","1446.2263","1662.8439"
"6121","8138.622566666666","7719.8867","8366.764","4356.89015","2951.8618","5761.9185","1573.7366000000002","1443.9236","1671.2618"
"6134","7973.4037","7860.9336","8195.467","4175.9388500000005","3049.0012","5302.8765","1577.1666666666667","1447.3832","1664.1125"
"6147","8241.625","8075.288","8367.752","4719.3346","3433.8772","6004.792","1572.8550000000002","1444.1515","1662.8024"
"6160","8255.85","7973.444","8602.498","4235.2083","3147.1978","5323.2188","1576.7045","1449.6023","1668.3094"
"6173","8281.123666666666","8049.19","8423.759","4536.65585","3140.2087","5933.103","1570.7269666666668","1444.449","1666.4689"
"6186","8339.855866666667","8136.1636","8648.585","4137.3282","3090.8784","5183.778","1582.5785666666668","1456.4851","1678.1903"
"6199","8623.345333333333","8426.202","8865.051","4356.00975","3152.6328","5559.3867","1576.5960666666667","1450.0784","1675.9441"
"6212","8289.032633333334","8187.6445","8489.347","4467.83815","3070.7627","5864.9136","1584.5834000000002","1463.3405","1673.0072"
"6225","8435.577","8169.564","8784.166","4599.70715","3284.053","5915.3613","1593.4639","1469.3887","1681.7755"
"6238","8468.106","8264.729","8872.802","4348.7888","3162.6956","5534.882","1585.0114","1461.8318","1683.647"
"6251","8284.0049","7930.6597","8540.101","4490.08555","3221.5798","5758.5913","1590.2134333333333","1468.3717","1682.6729"
"6264","8218.994200000001","7907.0986","8491.691","4985.5298","3614.6396","6356.42","1596.9255666666668","1471.8358","1686.8933"
"6277","8184.3874","7938.5117","8448.339","4374.8188","3638.9756","5110.662","1597.1188666666667","1468.3445","1691.8312"
"6290","8004.632699999999","7855.9575","8294.945","4657.771000000001","3581.684","5733.858","1605.2959666666666","1480.9731","1696.0823"
"6303","8110.845666666667","7525.1","8492.947","4725.2714","3502.9124","5947.6304","1599.8099333333332","1472.6437","1699.8491"
"6316","8455.5452","7805.9946","9037.365","4610.1432","3484.0054","5736.281","1603.4706333333334","1481.6831","1697.9578"
"6329","8339.901833333332","7935.6675","8725.988","4730.24535","3366.9814","6093.5093","1602.3798666666669","1477.0897","1700.2644"
"6359","8492.526333333333","8149.355","9094.355","4702.83545","3114.3662","6291.3047","1603.0568666666666","1477.32","1702.3745"
"6362","8542.222333333333","8489.792","8591.475","4746.03805","3537.3071","5954.769","1607.3033666666668","1487.277","1705.632"
"6375","8493.523","8323.999","8674.672","4961.3798","3535.9446","6386.815","1614.1102666666666","1490.5869","1708.3276"
"6388","8326.628466666667","8101.8306","8719.107","5145.97155","3822.8767","6469.0664","1610.3815000000002","1485.779","1704.4685"
"6401","8530.893333333333","8401.619","8769.151","5096.18425","3846.264","6346.1045","1616.1364","1487.2917","1711.5977"
"6414","8231.295466666666","7775.936","8905.718","4918.957850000001","3378.59","6459.3257","1616.6052333333334","1494.3428","1711.7219"
"6427","8565.3752","8019.3306","9313.08","4871.79975","3566.559","6177.0405","1615.2515333333333","1493.7119","1717.1671"
"6440","8493.526466666666","8063.0034","8934.395","4947.18945","3937.3965","5956.9824","1622.8909333333334","1504.836","1713.8734"
"6453","8359.665666666666","8008.82","8646.401","4965.96665","3773.3723","6158.561","1626.5265000000002","1505.8185","1718.7496"
"6466","8516.542233333334","8141.5527","8732.088","5005.90855","3657.0017","6354.8154","1623.8815333333332","1498.2715","1724.0804"
"6479","8540.367866666667","8191.4966","8780.585","5013.5339","3878.9814","6148.0864","1630.9565","1507.9922","1728.1404"
"6492","8398.6001","7948.7393","8746.42","5054.6084","3796.5208","6312.696","1629.7043","1507.6058","1724.3342"
"6505","8337.431666666665","8043.367","8498.053","5285.6051","3851.0447","6720.1655","1637.1497333333334","1519.4194","1730.8654"
"6518","8665.343166666667","8126.6025","9024.395","5246.59045","3987.9993","6505.1816","1640.6400333333331","1526.7919","1736.579"
"6531","8553.328","8121.625","9030.701","5423.9213500000005","4117.2837","6730.559","1637.7077","1523.0645","1734.0674"
"6544","8387.280466666665","7977.536","9151.383","5536.10465","4482.4443","6589.765","1638.3297666666667","1523.3033","1737.1207"
"6557","8514.6902","7858.7646","9084.651","4828.19135","3707.077","5949.3057","1643.3248999999998","1526.0514","1737.7476"
"6570","8705.496999999998","8503.541","8951.63","5041.50065","3951.4417","6131.5596","1638.7124666666666","1521.8264","1739.183"
"6583","8601.876333333334","8381.143","8974.071","5725.896500000001","4625.019","6826.774","1645.7577333333331","1537.2565","1738.0382"
"6596","8423.554466666666","8068.4834","8858.434","5542.655049999999","4186.8228","6898.4873","1646.0964000000001","1538.7169","1742.8658"
"6609","8725.462666666666","8487.042","9044.103","5221.8872","4015.7148","6428.0596","1645.2257","1538.0463","1739.7766"
"6622","8471.2188","8057.5264","8728.436","5602.26025","4497.313","6707.2075","1650.5986999999998","1544.4867","1749.1333"
"6635","8530.029666666667","8182.926","9088.689","5551.5758","4693.239","6409.9126","1648.2811666666666","1531.3108","1749.27"
"6648","8728.511333333334","8373.166","9181.236","5586.1810000000005","4625.617","6546.745","1656.8584","1541.9473","1749.633"
"6661","8423.065333333334","8106.883","8913.557","5766.67935","4747.6187","6785.74","1651.6588666666667","1543.8379","1751.7045"
"6674","8734.329433333332","8171.3853","9018.791","5259.1465","4467.927","6050.366","1658.9091","1550.2938","1756.276"
"6687","8687.372666666668","8469.159","8844.451","5527.6305","4400.711","6654.55","1657.4274999999998","1543.5721","1754.7457"
"6700","8780.017333333331","8521.403","8972.346","5835.2317","4680.1904","6990.273","1660.1739666666665","1546.3792","1759.5653"
"6713","8627.612333333333","8320.63","8903.28","5853.406","4815.317","6891.495","1658.4277333333332","1539.828","1769.1603"
"6726","8946.616","8521.05","9198.088","5564.80135","4411.342","6718.2607","1664.2346","1546.8575","1764.3876"
"6739","8775.636666666667","8302.114","9336.593","5894.4875","4628.7104","7160.2646","1669.0757666666668","1555.0895","1765.4188"
"6752","8676.828","8224.481","9187.765","5968.27235","4921.9717","7014.573","1672.1373","1554.5397","1766.6453"
"6765","8770.630333333333","8522.504","9222.657","6130.1265","4778.539","7481.714","1676.9795666666669","1557.6058","1770.7677"
"6778","8851.761666666667","8664.49","8947.671","6199.346149999999","5344.664","7054.0283","1676.9816666666666","1563.01","1779.6552"
"6791","8784.533333333333","8330.169","9089.578","6097.9055","4943.08","7252.731","1677.3318333333334","1558.9269","1773.26"
"6804","8946.362666666666","8362.666","9372.326","5875.767599999999","4509.2017","7242.3335","1682.6656666666668","1562.1079","1781.6572"
"6817","9017.248000000001","8815.36","9349.196","6108.913500000001","4864.528","7353.299","1686.3203666666666","1570.9005","1781.7194"
"6830","8927.134","8594.637","9418.677","6059.53065","4998.7773","7120.284","1682.5719333333334","1564.6809","1781.0575"
"6843","8800.137333333332","8172.548","9454.189","5788.35315","4541.967","7034.7393","1686.6361","1566.3314","1795.4548"
"6856","8799.482666666667","8347.212","9151.035","6237.0157","5223.0684","7250.963","1689.7046333333335","1562.1069","1794.8438"
"6869","8907.841666666667","8562.309","9094.935","6066.6084","5140.2114","6993.0054","1687.0497333333333","1559.4308","1789.8634"
"6882","8939.610333333332","8844.863","9080.399","6205.78315","5203.223","7208.3433","1689.5829999999999","1569.2678","1795.5249"
"6895","8845.851333333334","8417.923","9262.103","6261.517599999999","5538.4917","6984.5435","1691.7163666666668","1571.1321","1801.4795"
"6908","8913.140166666666","8444.0625","9693.905","6247.43365","4770.545","7724.3223","1696.2748","1572.5101","1805.2579"
"6921","9076.618","8634.305","9644.977","6105.975350000001","5473.6133","6738.3374","1702.4246333333333","1581.7847","1804.268"
"6934","8832.679666666665","8604.374","9115.22","6172.3962","5194.3984","7150.394","1706.7688333333333","1584.9913","1814.2128"
"6947","8721.894","8406.593","9017.356","6487.55005","5494.2876","7480.8125","1698.2861666666668","1571.2136","1813.2722"
"6960","8879.759333333333","8693.727","9006.42","6857.32175","5548.103","8166.5405","1706.0547","1588.3241","1817.9297"
"6973","8774.614666666666","8467.261","9374.627","6635.400600000001","5738.2812","7532.52","1704.6587666666667","1575.4103","1816.8447"
"6986","8960.584","8520.765","9478.846","6687.49125","5864.4775","7510.505","1712.5612666666666","1585.8168","1824.2101"
"6999","8872.411333333333","8234.923","9516.014","6302.27805","5193.4946","7411.0615","1711.7699666666667","1586.2777","1825.3604"
"7012","9032.609666666665","8425.077","9854.292","6119.44235","5424.0347","6814.85","1714.0168999999999","1589.7595","1832.424"
"7025","8873.368","8624.035","9317.128","6539.431500000001","5931.305","7147.558","1716.7089333333333","1587.0458","1832.4066"
"7038","8970.746000000001","8554.666","9468.357","6852.88725","6018.752","7687.0225","1722.4566666666667","1597.1299","1835.2579"
"7051","8877.067966666667","8136.1914","9787.575","6647.3835","5660.536","7634.231","1723.7564","1588.7765","1840.1357"
"7064","9061.505333333333","8511.319","9721.395","6710.09165","5812.008","7608.1753","1726.7451333333336","1595.8134","1845.8207"
"7077","9261.468","8665.435","9883.777","7023.0144","6040.2153","8005.8135","1723.4104333333335","1588.07","1844.1554"
"7090","8946.865666666667","8546.402","9746.474","6794.632","6106.539","7482.725","1729.4231333333335","1596.9154","1844.0863"
"7103","9406.915333333332","8907.922","10343.329","6926.807199999999","5966.4014","7887.213","1732.3166333333336","1596.0907","1857.9067"
"7116","9269.517666666667","8577.741","10207.595","6858.7505","6187.084","7530.417","1735.7826333333335","1612.1774","1849.3865"
"7129","9093.820666666667","8690.623","9863.078","6981.6897","6357.9717","7605.4077","1735.6173","1598.7832","1858.2"
"7142","9034.539666666666","8452.39","9453.912","6766.9585","5803.7","7730.217","1739.9424999999999","1602.1235","1869.0253"
"7155","9156.002666666665","8887.765","9301.982","6894.3202","5886.9604","7901.68","1742.7313666666666","1606.6276","1869.2896"
"7168","9196.080666666667","8735.252","10010.132","6724.5628","6239.7866","7209.339","1748.9448999999997","1613.7546","1872.8419"
"7181","9454.977","9081.285","10082.075","6932.3291","6120.9375","7743.7207","1751.8456333333331","1607.9822","1882.5891"
"7194","9382.770666666667","9031.922","9897.838","6873.79515","6104.6377","7642.9526","1755.7798333333333","1610.7975","1893.2933"
"7207","9319.578666666668","8502.672","10547.671","6971.3562999999995","5881.197","8061.5156","1763.4039999999998","1609.254","1903.0945"
"7220","9172.518333333333","8677.09","9933.423","7134.157","6512.863","7755.451","1759.1672666666666","1605.5089","1896.2373"
"7233","9093.968333333332","8537.111","9922.133","6898.73585","6016.376","7781.0957","1763.7349000000002","1609.7819","1905.1798"
"7246","9362.633","8920.598","10246.64","6853.8013","6003.691","7703.9116","1761.7147333333335","1616.3866","1905.717"
"7259","9283.740333333333","8599.32","10446.137","7219.1403","6360.137","8078.1436","1772.0015333333333","1626.4952","1922.1996"
"7272","9335.658833333333","8928.763","9988.318","7026.2692","6300.534","7752.0044","1777.7830999999999","1611.081","1934.8717"
"7285","9309.012","9040.354","9803.284","6934.74","6245.1875","7624.2925","1779.0846666666666","1627.1932","1928.9912"
"7298","9457.043666666666","9047.507","10155.448","6906.047500000001","6263.044","7549.051","1787.4204","1625.5641","1941.8773"
"7311","9699.604166666666","9280.066","10519.8125","7264.629199999999","6455.3394","8073.919","1785.4597333333334","1625.783","1937.5386"
"7324","9364.746","8559.465","10589.657","7323.50585","6796.334","7850.6777","1793.0618666666667","1629.5627","1960.77"
"7337","9528.996666666666","8893.702","10730.163","7342.2435000000005","6649.996","8034.491","1792.9039333333333","1624.1744","1968.3326"
"7350","9698.133333333333","9175.634","10637.296","6875.787850000001","6211.7344","7539.8413","1800.721233333333","1633.08","1978.0597"
"7363","9596.076666666668","8988.288","10408.672","7047.38255","6592.3755","7502.3896","1793.964","1622.9563","1979.7266"
"7376","9301.126000000002","8796.94","9782.582","7131.246150000001","6320.899","7941.5933","1807.3695333333333","1633.4314","1993.5288"
"7389","9139.863666666666","8472.121","9886.969","6708.446","6088.621","7328.271","1814.0712666666668","1640.7325","2006.0271"
"7402","9151.876333333334","8435.173","10029.271","7275.7108","6437.905","8113.5166","1817.4850666666669","1636.2086","2013.0991"
"7415","9580.255","9088.088","10342.124","7216.052","6493.0483","7939.0557","1821.607","1642.7095","2020.1031"
"7428","9684.278333333334","9081.297","10426.316","7138.18","6190.832","8085.528","1821.8489333333334","1631.5728","2022.5725"
"7441","9359.015","8794.886","10036.076","6739.2895499999995","5997.7954","7480.7837","1827.1905","1645.9604","2025.4641"
"7454","9528.94","8885.342","10455.446","7230.59265","6757.6963","7703.489","1824.1673333333335","1629.1111","2034.7815"
"7467","9325.457","8632.141","10312.47","7226.14455","6512.3228","7939.9663","1834.5241333333333","1646.3677","2050.4358"
"7480","9480.179666666667","8879.02","10284.557","7130.34715","6277.395","7983.2993","1836.7271666666668","1641.2244","2046.1965"
"7493","9534.813666666667","9020.75","10179.964","7145.86535","6742.3","7549.4307","1840.2600333333332","1641.5475","2064.8494"
"7506","9407.634666666667","8843.729","10207.142","6931.0985","6336.222","7525.975","1839.4846666666665","1634.2097","2064.7288"
"7519","9371.746666666666","8946.707","10024.193","7058.7015","6097.749","8019.654","1837.236066666667","1635.6157","2065.4016"
"7532","9423.707333333334","8799.038","10169.575","7185.17185","6366.0317","8004.312","1853.2912666666668","1641.713","2088.2268"
"7545","9490.913666666665","8603.014","10530.63","7551.016750000001","6596.8345","8505.199","1845.3455666666666","1645.7631","2086.4297"
"7558","9526.573333333334","8826.516","10592.627","7302.755349999999","6574.5044","8031.0063","1859.8417333333334","1652.8035","2091.7915"
"7571","9386.942000000001","8684.058","10362.332","7515.0025000000005","6806.905","8223.1","1862.8439666666666","1658.8544","2103.4421"
"7584","9597.558333333334","8765.314","10801.706","7777.0082","7162.1934","8391.823","1867.9697999999999","1653.4233","2112.3486"
"7597","9379.107","8728.189","10204.767","7255.0185","6615.916","7894.121","1867.7744666666667","1665.3765","2109.1116"
"7610","9444.196333333333","8947.538","10117.264","7347.386","6715.6753","7979.0967","1872.4466999999997","1660.7084","2112.0386"
"7623","9431.858666666665","8800.557","10603.103","7406.2882","6678.553","8134.0234","1871.8115333333333","1663.0745","2118.8337"
"7636","9570.704333333333","8851.577","10733.143","7076.0615","6545.949","7606.174","1875.4976333333332","1661.1624","2118.9817"
"7649","9591.545","9243.196","10130.59","7011.688749999999","6332.7485","7690.629","1880.9026000000001","1656.9518","2129.9805"
"7662","9554.501833333334","9004.685","10378.133","7527.07235","6937.2197","8116.925","1884.5229333333334","1662.0383","2135.2239"
"7675","9678.220666666666","9056.32","10562.787","7296.3595000000005","6405.343","8187.376","1892.0676666666668","1669.9553","2147.766"
"7688","10008.889000000001","9438.424","10884.388","7382.07","6523.899","8240.241","1892.9323333333334","1664.0404","2155.6768"
"7701","9696.761333333334","9053.063","10665.677","7266.4805","6652.201","7880.76","1898.3503666666668","1672.9187","2161.4668"
"7714","9667.794666666667","9387.357","10225.53","7481.960950000001","6874.5186","8089.4033","1892.9270000000004","1671.3564","2160.0264"
"7727","9480.834666666668","8917.927","10112.684","7513.8347","7185.81","7841.8594","1907.3317333333334","1680.3217","2173.6475"
"7740","9174.180666666667","8963.006","9490.318","7555.05185","7112.152","7997.9517","1907.6587","1680.8054","2176.2878"
"7753","9828.757","9338.658","10659.879","7622.88","7145.131","8100.629","1908.3077333333333","1678.3372","2176.6008"
"7766","9735.189666666667","9244.088","10566.26","7588.8578","7337.8906","7839.825","1908.6539333333333","1679.5996","2181.0623"
"7779","9475.387333333334","8777.29","9895.499","7716.56535","7205.9067","8227.224","1914.0062666666665","1682.5895","2200.551"
"7792","9452.895666666665","8788.285","10052.032","7733.02925","7071.6465","8394.412","1923.0586333333333","1697.2","2200.6768"
"7805","9465.709666666668","8910.504","10366.387","7529.6932","7030.7954","8028.591","1926.8736666666666","1686.4905","2208.8237"
"7818","9611.465333333334","8980.649","10569.966","7945.17815","7910.993","7979.3633","1934.5428333333332","1693.8893","2223.6458"
"7831","9745.196333333333","9295.521","10310.51","7858.431","7233.901","8482.961","1930.5625","1695.7056","2220.7659"
"7844","9767.601333333332","9112.362","10507.867","7636.8225","6650.104","8623.541","1940.2496666666666","1702.8428","2246.2908"
"7857","10014.076666666668","9471.728","11003.62","7761.057150000001","7001.2983","8520.816","1934.5981333333332","1701.147","2241.1755"
"7870","9873.223","9187.574","10904.758","7768.000250000001","7338.7915","8197.209","1939.0592333333334","1695.7041","2257.4531"
"7883","9999.9355","9432.553","10863.358","7325.8742","7129.1274","7522.621","1950.0177","1703.1361","2245.9236"
"7896","9990.904999999999","9506.13","10842.795","7675.58785","7366.932","7984.2437","1942.9805666666664","1702.1589","2238.3142"
"7909","10114.325333333334","9782.063","10643.974","7885.638999999999","7360.2","8411.078","1952.3095","1706.3616","2252.2341"
"7922","9759.847333333333","9247.699","10479.424","7779.7168","7190.8696","8368.564","1956.248233333333","1697.8688","2260.908"
"7935","9711.575166666667","9050.8125","10634.964","7664.84515","7107.3223","8222.368","1960.090533333333","1713.697","2256.0208"
"7948","9811.343666666668","9369.035","10673.299","7659.58575","6543.4795","8775.692","1959.1099666666669","1719.7554","2255.438"
"7961","9691.029","8975.723","10408.194","7648.1559","7158.239","8138.0728","1967.0158","1713.9526","2277.401"
"7974","9860.4985","9412.369","10667.939","7670.0199999999995","7107.463","8232.577","1972.6589333333334","1722.587","2282.324"
"7987","9912.539666666667","9434.942","10761.075","7600.49015","7080.4873","8120.493","1974.9307999999999","1722.769","2270.644"
"8000","10126.954333333333","9464.763","11157.929","7765.420999999999","7287.4","8243.442","1977.8760666666667","1726.0217","2276.048"
"8013","9932.419666666667","9320.407","10721.317","7895.697","7246.035","8545.359","1971.8447333333334","1736.09","2254.8193"
"8026","9562.859333333332","9166.472","10265.285","7968.811","7205.451","8732.171","1973.6718333333336","1732.3208","2270.9792"
"8039","9643.067000000001","8939.037","10687.212","7492.66915","6999.6396","7985.6987","1974.7323999999999","1720.3347","2286.3909"
"8052","9707.963333333333","9330.916","10405.144","7450.259050000001","7220.6255","7679.8926","1976.6718","1732.0266","2296.242"
"8065","9705.533333333333","9298.206","10367.419","7804.2880000000005","7223.174","8385.402","1978.2038333333333","1734.7417","2291.944"
"8078","9912.118666666667","9554.989","10608.542","7799.6393","7362.2896","8236.989","1984.1767333333335","1733.086","2301.28"
"8091","9947.087666666666","9330.554","11018.36","7775.280650000001","7287.1763","8263.385","1993.5332333333333","1739.5782","2305.0261"
"8104","10093.343666666666","9369.61","11075.317","7585.8989","7016.0283","8155.7695","1986.1677","1742.3959","2307.3845"
"8117","9770.012","9104.864","10493.244","7661.019499999999","7015.507","8306.532","2001.4872000000003","1742.2556","2324.032"
"8130","9735.378333333334","9433.187","9926.386","7297.143","7001.886","7592.4","2006.8198999999997","1750.7382","2335.0535"
"8143","9904.947333333334","9253.297","10679.092","7407.38965","7194.915","7619.8643","1998.8391333333336","1733.5079","2324.2417"
"8156","10102","9496.573","10734.359","7777.06685","7720.5527","7833.581","2009.6811666666665","1739.7017","2326.7842"
"8169","9990.219666666666","9534.734","10576.719","8053.427","7611.9585","8494.8955","2016.1045666666669","1749.171","2336.3755"
"8182","10041.085","9692.551","10612.246","7846.576000000001","7488.524","8204.628","2012.7203333333334","1752.183","2336.307"
"8195","9865.246666666668","9528.424","10488.804","7951.13615","7413.1523","8489.12","2018.8646","1758.6179","2335.736"
"8208","10038.713333333333","9349.003","10937.623","8231.6665","7600.365","8862.968","2026.6778333333334","1763.1229","2355.523"
"8221","9975.516333333333","9347.691","10772.666","8234.904999999999","7708.644","8761.166","2022.5876666666666","1762.7444","2344.1965"
"8234","9971.314333333334","9340.703","10600.655","8018.488","7862.952","8174.024","2028.1635333333331","1766.6334","2356.6829"
"8247","10083.847","9681.938","10749.812","7671.13","7156.131","8186.129","2031.9906","1763.5955","2355.2058"
"8260","10050.399666666666","9513.948","10962.997","8014.865","7453.097","8576.633","2032.5212999999997","1773.716","2349.933"
"8273","10040.151","9276.153","11147.089","8242.889500000001","7570.177","8915.602","2037.4246666666666","1767.4617","2372.6438"
"8286","10019.949999999999","9239.167","10947.58","7894.5985","7469.558","8319.639","2042.7562","1782.9435","2350.9407"
"8299","9902.609999999999","8958.225","10874.77","8008.1289","7777.0283","8239.2295","2038.6892666666665","1767.826","2361.994"
"8312","9967.526666666667","9236.416","10955.959","8066.203799999999","7654.3936","8478.014","2057.5916666666667","1782.8447","2386.0256"
"8325","9954.053333333331","9499.876","10653.797","8354.2735","7876.55","8831.997","2051.7568666666666","1779.0402","2372.4158"
"8338","10201.228000000001","9605.03","11161.848","7992.93465","7612.4023","8373.467","2055.0146666666665","1789.8237","2387.8704"
"8351","10192.290333333332","9826.83","10829.716","8262.701649999999","7802.6533","8722.75","2064.0749666666666","1791.2394","2405.0908"
"8364","10048.199","9474.741","10991.695","8312.6725","8219.307","8406.038","2077.5063666666665","1787.7137","2405.709"
"8377","10264.832666666667","9835.726","10946.33","8016.31875","7786.8765","8245.761","2070.0208","1800.0026","2383.8052"
"8390","9923.091999999999","9463.068","10711.634","7968.9635","7716.845","8221.082","2081.257666666667","1800.8381","2417.9648"
"8403","10108.574","9511.233","11025.32","8459.866750000001","8105.4795","8814.254","2071.1067666666668","1804.2991","2388.3647"
"8416","9927.557666666668","9563.063","10512.887","8183.4953","8039.0376","8327.953","2080.5182333333332","1813.9753","2420.4795"
"8429","9889.168666666666","9223.452","10831.034","8125.197","7820.5815","8429.8125","2086.4016666666666","1808.2673","2416.3723"
"8442","10199.884666666667","9760.577","10963.213","8378.976999999999","8202.451","8555.503","2091.5793","1809.1604","2449.3381"
"8455","10344.475666666667","9724.495","11200.544","7991.3177","7577.5044","8405.131","2088.1829","1804.5017","2415.0957"
"8468","10279.394666666667","9450.388","11183.85","8454.565999999999","8109.136","8799.996","2105.0295666666666","1819.9694","2457.8218"
"8481","10283.055999999999","9359.758","11314.684","8498.049149999999","7938.0483","9058.05","2093.272933333333","1811.7334","2429.7288"
"8494","9965.378333333334","9427.1","10623.185","8726.3255","8551.602","8901.049","2104.2164666666667","1828.1124","2457.7356"
"8507","10140.558666666666","9891.023","10630.216","8760.6","8526.062","8995.138","2119.5856666666664","1823.861","2461.3455"
"8520","9981.208666666667","9445.725","10688.519","8588.2368","8178.0186","8998.455","2119.6378333333337","1835.7365","2474.9277"
"8533","10086.153","9280.929","10784.788","8192.17","7783.413","8600.927","2120.9867333333336","1824.8586","2489.4502"
"8546","10060.357666666667","9686.163","10478.77","8485.8495","8256.054","8715.645","2131.8937","1832.5187","2467.9646"
"8559","10234.716","9735.145","10767.382","8351.4515","8277.373","8425.53","2126.420333333333","1838.1882","2468.3098"
"8572","9920.012666666667","9423.766","10779.345","8409.291000000001","8274.082","8544.5","2125.4917666666665","1844.1774","2476.3875"
"8585","10248.245833333332","9323.577","11341.556","8191.7472","7969.0264","8414.468","2122.7628","1846.4589","2467.901"
"8598","10397.779999999999","9701.939","11123.094","8171.18735","7496.0757","8846.299","2153.502233333333","1848.3832","2536.9863"
"8611","10346.387666666667","10176.792","10645.712","8447.797","7965.649","8929.945","2148.6376999999998","1855.633","2519.2305"
"8624","10294.892666666667","9981.825","10808.824","8311.256000000001","7579.849","9042.663","2163.5820333333336","1848.0042","2571.5266"
"8637","10146.788333333332","9586.855","10732.871","8452.9395","8240.799","8665.08","2163.7255333333337","1865.2949","2553.5137"
"8650","10125.635","9350.578","10654.135","8113.76435","8033.4277","8194.101","2159.7656","1865.0193","2575.5662"
"8663","10038.981000000002","9415.718","10361.315","8301.707","8264.102","8339.312","2176.4459666666667","1871.7456","2553.9326"
"8676","10166.797666666667","9288.141","10998.938","8214.484","7915.77","8513.198","2186.1968666666667","1862.6274","2595.3113"
"8689","10198.351333333334","9782.659","10686.319","8533.927","8154.166","8913.688","2185.2270000000003","1869.8629","2575.0476"
"8702","10113.109","9639.449","10645.853","8519.468","8391.714","8647.222","2216.8255","1871.997","2648.417"
"8715","10371.379666666666","9599.023","10835.53","8558.638500000001","8149.773","8967.504","2214.0496666666663","1878.3768","2668.9946"
"8728","10450.143666666667","9839.988","10965.057","8319.031","8178.094","8459.968","2219.0436000000004","1863.4633","2697.0125"
"8741","10378.284333333335","9691.331","11184.447","8253.49465","8136.7173","8370.272","2220.8287","1877.7734","2698.3384"
"8754","10105.492","9925.708","10375.908","8279.3235","8135.895","8422.752","2239.433666666667","1880.4453","2714.0935"
"8767","10374.142333333335","9838.786","10724.592","8154.485500000001","7835.853","8473.118","2245.6573666666663","1886.6185","2769.3916"
"8780","10406.829666666667","9919.019","10872.846","8144.387000000001","7939.932","8348.842","2251.7854","1883.865","2742.2524"
"8793","10404.865","9963.175","10990.718","8378.1325","8373.37","8382.895","2252.5186666666664","1901.4854","2766.836"
"8806","10401.062333333333","9338.824","11146.093","8398.604","8283.845","8513.363","2248.141266666667","1913.5905","2730.2239"
"8819","10349.057","9552.323","11017.689","8674.3385","8432.895","8915.782","2274.1821","1901.3657","2828.414"
"8832","10585.055333333332","9972.554","11111.951","8801.6425","8617.49","8985.795","2270.7059","1894.9832","2803.7073"
"8845","10521.181666666665","9799.17","11264.94","8598.728","8461.857","8735.599","2266.845466666667","1911.721","2781.0698"
"8858","10538.527000000002","9926.333","11055.495","8517.3445","8406.532","8628.157","2302.6419","1900.8314","2863.136"
"8871","10601.750999999998","9803.506","11016.171","8417.7545","8226.221","8609.288","2306.7981999999997","1915.2828","2846.6946"
"8884","10456.222333333333","9749.688","10934.993","8662.9305","8624.599","8701.262","2359.9220333333333","1933.7708","2958.4238"
"8897","10639.064666666667","10355.157","10781.769","8600.349","8303.217","8897.481","2353.8935333333334","1913.4896","2997.2542"
"8910","10382.756","9926.791","10685.555","8915.678","8748.278","9083.078","2316.7131666666664","1919.7771","2847.9314"
"8923","10118.7325","9525.3545","10449.896","8837.486","8757.274","8917.698","2321.947866666667","1926.4451","2888.6155"
"8936","10378.240666666667","9748.805","10777.462","8396.863","8338.873","8454.853","2340.7894333333334","1903.7855","2965.824"
"8949","10341.334333333332","9986.162","10583.255","8382.7315","8197.823","8567.64","2303.9420666666665","1910.7524","2856.9324"
"8962","10517.818666666666","10120.281","10774.856","8759.051","8569.671","8948.431","2310.1215333333334","1927.5214","2883.3015"
"8975","10587.735","9952.22","10936.629","8794.699","8604","8985.398","2323.9710333333333","1926.1655","2910.6167"
"8988","10473.474","10176.707","10687.788","9207.469000000001","9116.685","9298.253","2399.960466666667","1926.7207","3115.8528"
"9001","10606.766333333333","10334.493","10826.106","8601.068500000001","8585.254","8616.883","2374.0063000000005","1932.5531","3057.6711"
"9014","10547.928666666667","10392.89","10642.414","8694.7765","8497.04","8892.513","2386.450833333334","1935.5875","3096.166"
"9027","10690.21","10551.708","10937.037","9008.7265","8751.305","9266.148","2384.6261","1913.9147","3102.4404"
"9040","10554.554333333333","10315.548","10985.387","8464.002499999999","8327.597","8600.408","2362.8562","1930.6016","2998.8772"
"9053","10530.193333333333","10326.856","10729.191","8412.835500000001","8351.27","8474.401","2423.7763666666665","1948.8977","3132.3806"
"9066","10614.334","10401.892","10738","8777.474","8295.935","9259.013","2385.531766666667","1931.916","3026.568"
"9079","10502.532333333334","10222.892","10693.427","8809.1445","8314.672","9303.617","2383.2438666666667","1922.9901","3040.9812"
"9092","10592.638","9984.093","10916.765","8601.494","7945.272","9257.716","2407.876366666667","1949.0156","3103.936"
"9105","10451.286166666667","10364.179","10573.6455","9001.763500000001","8965.622","9037.905","2400.660433333333","1929.6078","3096.0188"
"9118","10775.251666666665","10469.137","11061.511","8476.8045","8284.069","8669.54","2444.788266666667","1934.0157","3241.6697"
"9131","10820.317333333332","10317.827","11175.364","8701.282","8667.677","8734.887","2386.704433333334","1952.9766","3070.3137"
"9144","10843.757666666666","10513.282","11137.581","8948.8795","8927.886","8969.873","2418.3855","1949.5785","3158.135"
"9157","10718.583666666667","10482.968","10952.307","9177.5155","9040.455","9314.576","2414.7316333333333","1953.5509","3136.545"
"9170","10776.049666666668","10416.36","11064.361","9051.804","8430.056","9673.552","2439.709033333333","1952.8973","3171.8455"
"9183","10874.794333333333","10527.069","11185.852","8586.140500000001","8557.277","8615.004","2448.4269","1967.0192","3215.5208"
"9196","10705.498666666666","10291.701","10973.471","8996.672999999999","8987.725","9005.621","2437.9306333333334","1953.2644","3200.9067"
"9209","10556.107333333333","10070.332","10990.533","8986.267","8817.049","9155.485","2456.2011","1941.5774","3273.6929"
"9222","10712.92","10405.077","11098.728","9224.5245","8891.464","9557.585","2447.767566666667","1963.0378","3215.0442"
"9235","10834.5075","10608.4795","11181.706","9123.166000000001","8863.949","9382.383","2468.6114666666667","1961.5558","3241.1436"
"9248","11102.891666666668","10715.407","11343.828","9054.676500000001","8918.707","9190.646","2407.4573","1974.6929","3084.6155"
"9261","10920.889000000001","10846.945","11041.358","9456.855500000001","9288.628","9625.083","2472.0513666666666","1977.4092","3258.6704"
"9274","10859.186666666666","10672.246","10982.979","9074.3255","8845.745","9302.906","2482.1064333333334","1972.8928","3323.793"
"9287","10623.627","10398.749","10871.717","8809.2135","8372.791","9245.636","2446.843166666667","1987.038","3187.9617"
"9300","10662.738333333333","10406.229","10941.237","8826.171","8574.082","9078.26","2472.9807666666666","1991.4106","3250.6167"
"9313","10958.348833333332","10610.3955","11252.341","8906.679","8869.249","8944.109","2497.8224333333333","2009.0585","3279.1008"
"9326","10903.393333333333","10434.18","11229.731","8933.57","8899.775","8967.365","2483.2011333333335","1981.3507","3304.586"
"9339","11132.743000000002","10825.357","11313.155","9155.4515","9056.817","9254.086","2487.8066333333336","1998.6528","3289.0613"
"9352","11041.563999999998","10932.881","11163.748","9253.79975","9184.162","9323.4375","2495.7887666666666","2003.6539","3326.0254"
"9365","10908.038","10688.967","11073.671","9279.533","8736.521","9822.545","2479.586333333333","1997.1611","3264.7175"
"9378","11048.822666666667","10933.36","11181.739","9269.408","8645.662","9893.154","2517.629966666667","1984.493","3384.9614"
"9391","10884.750333333335","10413.824","11287.129","9174.961","8556.303","9793.619","2536.0172","1988.2147","3440.0107"
"9404","10760.644999999999","10357.786","11352.784","8896.247","8549.01","9243.484","2516.866066666667","2010.1514","3341.541"
"9417","9988.083666666667","8600.959","10873.924","8853.6855","8727.433","8979.938","2570.1667","2017.9537","3479.815"
"9430","9694.794866666667","7424.9126","11034.407","9066.1665","8837.698","9294.635","2511.3161","2013.2196","3327.4614"
"9443","10206.944666666666","8888.355","11108.911","9026.684000000001","8660.341","9393.027","2492.208366666667","2006.3655","3278.5066"
"9456","10691.691","9827.447","11292.065","9073.9365","8885.89","9261.983","2526.7802666666666","2021.8315","3405.8018"
"9469","10724.488","10408.425","11055.597","9400.5605","9113.395","9687.726","2511.7843333333335","2026.8208","3302.4333"
"9482","10807.287333333334","10730.796","10946.439","9358.773000000001","9101.579","9615.967","2572.8657333333335","2017.8082","3517.809"
"9495","10944.503833333334","10724.1045","11193.786","9276.305","8856.419","9696.191","2511.2516","2008.9374","3395.2822"
"9508","10949.747666666664","10533.13","11178.731","9280.4265","9261.595","9299.258","2594.7443333333335","2034.5018","3574.7302"
"9521","10943.017333333331","10660.092","11105.063","9383.778999999999","9237.866","9529.692","2560.656833333333","2027.7881","3486.8018"
"9534","10898.093","10865.03","10958.363","9230.7685","9222.893","9238.644","2537.7836666666667","2042.2123","3416.1167"
"9547","11054.537666666665","10916.059","11181.971","9394.443500000001","9078.699","9710.188","2583.9250666666667","2044.6732","3533.225"
"9560","10852.561","10783.581","10935.42","9178.968499999999","8602.943","9754.994","2582.2196","2054.952","3544.3582"
"9573","11081.774833333331","10748.4795","11497.295","9491.6685","9259.051","9724.286","2543.909633333333","2050.7695","3384.0427"
"9586","11149.084666666668","10965.929","11346.438","9585.6905","9090.266","10081.115","2598.0145333333335","2047.8596","3576.328"
"9599","11004.434666666668","10855.732","11300.337","9341.891500000002","9026.664","9657.119","2557.9376666666667","2046.5659","3462.253"
"9612","10618.195000000002","10265.681","10872.832","9328.774","9300.675","9356.873","2557.985366666667","2068.6467","3423.8499"
"9625","10604.907333333334","10456.09","10743.705","9407.43","9366.185","9448.675","2612.6939666666667","2056.8054","3642.598"
"9638","10553.009333333333","9966.579","10905.575","9252.666000000001","8753.753","9751.579","2608.606566666667","2045.6608","3564.0144"
"9651","10639.336000000001","9918.817","11166.754","9199.503499999999","8570.671","9828.336","2567.5553333333332","2050.6948","3499.8079"
"9664","10845.001333333334","10540.505","11079.616","9318.8335","9050.481","9587.186","2601.747066666667","2068.7507","3568.3335"
"9677","10587.372333333333","9969.009","11100.776","9210.577","9195.506","9225.648","2601.178266666667","2065.937","3535.2278"
"9690","10812.417666666666","10488.836","10980.97","9274.2145","9024.329","9524.1","2653.296466666667","2066.1035","3700.8699"
"9703","10584.458","10302.501","10728.711","9237.3925","9143.347","9331.438","2595.6790333333333","2065.4326","3512.2556"
"9716","10771.338000000002","10306.638","11074.544","9505.6675","9382.538","9628.797","2600.0839","2074.7961","3542.4224"
"9729","10891.708666666666","10563.83","11089.42","9269.372","9158.606","9380.138","2568.198166666667","2077.3032","3431.0383"
"9742","11006.144666666667","10645.297","11260.154","9487.8555","9324.233","9651.478","2633.6049333333335","2087.6404","3613.065"
"9755","10911.588666666665","10777.631","10992.835","9477.0475","9252.564","9701.531","2598.6474000000003","2085.823","3540.5193"
"9768","10968.830000000002","10709.186","11204.265","9531.71075","9176.776","9886.6455","2639.138933333333","2082.662","3645.6208"
"9781","11112.331","10755.122","11436.48","9762.6735","9659.077","9866.27","2612.7097","2111.5847","3560.4834"
"9794","10904.143333333333","10442.237","11350.955","9801.266500000002","9611.218","9991.315","2656.844433333333","2099.1743","3686.586"
"9807","10914.190499999999","10697.109","11214.358","9665.9525","9464.631","9867.274","2680.5961666666667","2093.1921","3745.4912"
"9820","10806.131000000001","10573.44","11017.996","9249.5695","9186.891","9312.248","2682.072666666667","2094.1858","3737.2258"
"9833","11078.241000000002","10852.147","11301.387","9807.9555","9230.345","10385.566","2717.2592","2106.1765","3848.2454"
"9846","11038.563","10947.651","11180.422","9454.718","8994.84","9914.596","2652.6373333333336","2099.975","3666.8943"
"9859","10906.401","10398.122","11287.644","9732.90925","9367.2295","10098.589","2660.8425","2110.7341","3651.746"
"9872","10873.195","10384.896","11300.86","9989.309","9640.317","10338.301","2649.5044666666668","2104.5571","3628.8413"
"9885","11078.450666666666","10679.269","11354.909","9756.4225","9172.501","10340.344","2618.9066","2104.0645","3542.0513"
"9898","10939.649333333335","10462.105","11222.792","9616.3785","9372.156","9860.601","2653.4720333333335","2102.247","3663.8901"
"9911","10991.019666666667","10768.717","11164.472","9482.335500000001","8820.578","10144.093","2628.7244666666666","2105.8809","3599.5952"