"Step","env_name: myoLegWalkT2Apca0-v0 - rollout/ep_rew_mean","env_name: myoLegWalkT2Apca0-v0 - rollout/ep_rew_mean__MIN","env_name: myoLegWalkT2Apca0-v0 - rollout/ep_rew_mean__MAX","env_name: myoLegWalkT2Apca-v0 - rollout/ep_rew_mean","env_name: myoLegWalkT2Apca-v0 - rollout/ep_rew_mean__MIN","env_name: myoLegWalkT2Apca-v0 - rollout/ep_rew_mean__MAX"
"8","32.85786","32.85786","32.85786","32.87269","32.87269","32.87269"
"11","34.320526","34.320526","34.320526","37.15283","37.15283","37.15283"
"24","36.72556","36.72556","36.72556","35.67824","35.67824","35.67824"
"37","38.656296","38.656296","38.656296","40.112736","40.112736","40.112736"
"50","43.194023","43.194023","43.194023","45.006096","45.006096","45.006096"
"63","51.058495","51.058495","51.058495","54.99505","54.99505","54.99505"
"76","60.368263","60.368263","60.368263","62.25389","62.25389","62.25389"
"89","71.375984","71.375984","71.375984","71.026","71.026","71.026"
"102","86.10181","86.10181","86.10181","83.62058","83.62058","83.62058"
"115","101.861244","101.861244","101.861244","106.86197","106.86197","106.86197"
"128","124.65704","124.65704","124.65704","117.16383","117.16383","117.16383"
"141","128.82086","128.82086","128.82086","139.99318","139.99318","139.99318"
"154","142.6614","142.6614","142.6614","142.95673","142.95673","142.95673"
"167","159.05936","159.05936","159.05936","153.54102","153.54102","153.54102"
"180","170.18172","170.18172","170.18172","171.01105","171.01105","171.01105"
"193","175.68642","175.68642","175.68642","171.95306","171.95306","171.95306"
"206","185.83595","185.83595","185.83595","184.14","184.14","184.14"
"219","190.9534","190.9534","190.9534","193.22101","193.22101","193.22101"
"232","196.06148","196.06148","196.06148","191.41656","191.41656","191.41656"
"245","207.5678","207.5678","207.5678","202.7882","202.7882","202.7882"
"258","209.8234","209.8234","209.8234","208.76982","208.76982","208.76982"
"271","219.16223","219.16223","219.16223","215.28154","215.28154","215.28154"
"284","225.48732","225.48732","225.48732","220.32846","220.32846","220.32846"
"297","233.0431","233.0431","233.0431","228.59628","228.59628","228.59628"
"310","236.84563","236.84563","236.84563","232.77458","232.77458","232.77458"
"323","244.06796","244.06796","244.06796","236.5394","236.5394","236.5394"
"336","249.78925","249.78925","249.78925","247.11993","247.11993","247.11993"
"349","252.65527","252.65527","252.65527","250.06367","250.06367","250.06367"
"362","262.42105","262.42105","262.42105","256.29718","256.29718","256.29718"
"375","260.89355","260.89355","260.89355","260.7963","260.7963","260.7963"
"388","267.40796","267.40796","267.40796","269.5276","269.5276","269.5276"
"401","269.542","269.542","269.542","273.63837","273.63837","273.63837"
"414","276.48178","276.48178","276.48178","276.18982","276.18982","276.18982"
"427","279.63828","279.63828","279.63828","283.03857","283.03857","283.03857"
"440","280.41696","280.41696","280.41696","285.3311","285.3311","285.3311"
"453","284.20685","284.20685","284.20685","287.6753","287.6753","287.6753"
"466","294.1743","294.1743","294.1743","293.95175","293.95175","293.95175"
"479","294.19788","294.19788","294.19788","298.06363","298.06363","298.06363"
"492","297.14365","297.14365","297.14365","296.14142","296.14142","296.14142"
"505","300.19803","300.19803","300.19803","303.57172","303.57172","303.57172"
"518","302.8171","302.8171","302.8171","309.26654","309.26654","309.26654"
"531","307.0003","307.0003","307.0003","313.9168","313.9168","313.9168"
"544","309.52914","309.52914","309.52914","314.7002","314.7002","314.7002"
"557","312.2698","312.2698","312.2698","319.31857","319.31857","319.31857"
"570","313.94458","313.94458","313.94458","322.04382","322.04382","322.04382"
"583","318.93582","318.93582","318.93582","328.25824","328.25824","328.25824"
"596","324.86984","324.86984","324.86984","329.8908","329.8908","329.8908"
"609","327.45493","327.45493","327.45493","334.3723","334.3723","334.3723"
"622","325.9186","325.9186","325.9186","334.5888","334.5888","334.5888"
"635","333.61377","333.61377","333.61377","341.94354","341.94354","341.94354"
"648","334.12073","334.12073","334.12073","343.6905","343.6905","343.6905"
"661","337.9992","337.9992","337.9992","349.15286","349.15286","349.15286"
"674","338.39838","338.39838","338.39838","348.59354","348.59354","348.59354"
"687","344.34045","344.34045","344.34045","353.11066","353.11066","353.11066"
"700","348.74484","348.74484","348.74484","356.2735","356.2735","356.2735"
"713","345.50723","345.50723","345.50723","360.62262","360.62262","360.62262"
"726","349.55032","349.55032","349.55032","362.88928","362.88928","362.88928"
"739","356.4206","356.4206","356.4206","368.5808","368.5808","368.5808"
"752","356.98666","356.98666","356.98666","366.9264","366.9264","366.9264"
"765","359.27023","359.27023","359.27023","372.09222","372.09222","372.09222"
"778","363.11844","363.11844","363.11844","374.52618","374.52618","374.52618"
"791","368.10162","368.10162","368.10162","378.51086","378.51086","378.51086"
"804","369.26782","369.26782","369.26782","379.26953","379.26953","379.26953"
"817","371.6254","371.6254","371.6254","380.67847","380.67847","380.67847"
"830","372.4776","372.4776","372.4776","385.38147","385.38147","385.38147"
"843","376.5365","376.5365","376.5365","388.59048","388.59048","388.59048"
"856","379.6375","379.6375","379.6375","390.97632","390.97632","390.97632"
"869","383.70554","383.70554","383.70554","393.49887","393.49887","393.49887"
"882","383.9056","383.9056","383.9056","392.77765","392.77765","392.77765"
"895","386.85443","386.85443","386.85443","399.41455","399.41455","399.41455"
"908","390.0424","390.0424","390.0424","400.5154","400.5154","400.5154"
"921","392.89383","392.89383","392.89383","402.56464","402.56464","402.56464"
"934","395.7355","395.7355","395.7355","405.25974","405.25974","405.25974"
"947","397.74136","397.74136","397.74136","408.8808","408.8808","408.8808"
"960","402.02936","402.02936","402.02936","413.3098","413.3098","413.3098"
"973","404.91913","404.91913","404.91913","415.65125","415.65125","415.65125"
"986","404.7832","404.7832","404.7832","418.89972","418.89972","418.89972"
"999","407.6484","407.6484","407.6484","421.61957","421.61957","421.61957"
"1012","408.93875","408.93875","408.93875","424.82156","424.82156","424.82156"
"1025","413.48816","413.48816","413.48816","427.55933","427.55933","427.55933"
"1038","416.56656","416.56656","416.56656","431.88046","431.88046","431.88046"
"1051","419.44574","419.44574","419.44574","434.09216","434.09216","434.09216"
"1064","422.57925","422.57925","422.57925","436.94516","436.94516","436.94516"
"1077","423.77835","423.77835","423.77835","441.6826","441.6826","441.6826"
"1090","428.62552","428.62552","428.62552","442.77914","442.77914","442.77914"
"1103","430.81192","430.81192","430.81192","446.20938","446.20938","446.20938"
"1116","433.71014","433.71014","433.71014","449.5252","449.5252","449.5252"
"1129","436.92868","436.92868","436.92868","454.1191","454.1191","454.1191"
"1142","442.00372","442.00372","442.00372","458.3517","458.3517","458.3517"
"1155","446.36478","446.36478","446.36478","439.73508","439.73508","439.73508"
"1168","448.04233","448.04233","448.04233","464.14355","464.14355","464.14355"
"1181","451.88623","451.88623","451.88623","467.4384","467.4384","467.4384"
"1194","457.88058","457.88058","457.88058","472.80533","472.80533","472.80533"
"1207","460.80197","460.80197","460.80197","476.52527","476.52527","476.52527"
"1220","464.3841","464.3841","464.3841","483.0957","483.0957","483.0957"
"1233","466.46936","466.46936","466.46936","488.21698","488.21698","488.21698"
"1246","471.63077","471.63077","471.63077","493.74014","493.74014","493.74014"
"1259","472.7382","472.7382","472.7382","497.32773","497.32773","497.32773"
"1272","477.90448","477.90448","477.90448","503.42538","503.42538","503.42538"
"1285","483.41922","483.41922","483.41922","512.6669","512.6669","512.6669"
"1298","483.20364","483.20364","483.20364","515.3767","515.3767","515.3767"
"1311","488.058","488.058","488.058","525.0045","525.0045","525.0045"
"1324","493.12515","493.12515","493.12515","533.154","533.154","533.154"
"1337","496.5694","496.5694","496.5694","536.76984","536.76984","536.76984"
"1350","503.63428","503.63428","503.63428","548.47644","548.47644","548.47644"
"1363","506.37253","506.37253","506.37253","559.71454","559.71454","559.71454"
"1376","511.72098","511.72098","511.72098","569.6131","569.6131","569.6131"
"1389","514.78503","514.78503","514.78503","582.1837","582.1837","582.1837"
"1402","516.6789","516.6789","516.6789","597.8457","597.8457","597.8457"
"1415","522.816","522.816","522.816","604.61334","604.61334","604.61334"
"1428","528.0349","528.0349","528.0349","625.4373","625.4373","625.4373"
"1441","532.29","532.29","532.29","628.6972","628.6972","628.6972"
"1454","532.38116","532.38116","532.38116","666.5983","666.5983","666.5983"
"1467","539.1759","539.1759","539.1759","666.2213","666.2213","666.2213"
"1480","543.6776","543.6776","543.6776","700.3517","700.3517","700.3517"
"1493","547.2498","547.2498","547.2498","707.2917","707.2917","707.2917"
"1506","552.3045","552.3045","552.3045","714.6911","714.6911","714.6911"
"1519","555.09296","555.09296","555.09296","743.19476","743.19476","743.19476"
"1532","564.24506","564.24506","564.24506","767.8918","767.8918","767.8918"
"1545","569.0412","569.0412","569.0412","784.2357","784.2357","784.2357"
"1558","572.0095","572.0095","572.0095","780.02356","780.02356","780.02356"
"1571","578.2023","578.2023","578.2023","789.48145","789.48145","789.48145"
"1584","585.07666","585.07666","585.07666","799.6686","799.6686","799.6686"
"1597","592.1196","592.1196","592.1196","821.1919","821.1919","821.1919"
"1610","600.29504","600.29504","600.29504","823.8031","823.8031","823.8031"
"1623","609.0349","609.0349","609.0349","841.8895","841.8895","841.8895"
"1636","618.3182","618.3182","618.3182","853.32117","853.32117","853.32117"
"1649","627.6022","627.6022","627.6022","865.7907","865.7907","865.7907"
"1662","632.10846","632.10846","632.10846","869.77496","869.77496","869.77496"
"1675","645.05615","645.05615","645.05615","890.444","890.444","890.444"
"1688","661.04865","661.04865","661.04865","884.49384","884.49384","884.49384"
"1701","670.05756","670.05756","670.05756","905.9912","905.9912","905.9912"
"1714","681.1863","681.1863","681.1863","921.40344","921.40344","921.40344"
"1727","704.7454","704.7454","704.7454","933.9768","933.9768","933.9768"
"1740","721.5857","721.5857","721.5857","937.46155","937.46155","937.46155"
"1753","740.6053","740.6053","740.6053","944.4436","944.4436","944.4436"
"1766","742.76984","742.76984","742.76984","964.47705","964.47705","964.47705"
"1779","768.46136","768.46136","768.46136","975.55457","975.55457","975.55457"
"1792","773.66595","773.66595","773.66595","1000.82654","1000.82654","1000.82654"
"1805","783.13086","783.13086","783.13086","1003.30133","1003.30133","1003.30133"
"1818","800.73724","800.73724","800.73724","1012.4","1012.4","1012.4"
"1831","808.2353","808.2353","808.2353","1035.377","1035.377","1035.377"
"1844","813.5633","813.5633","813.5633","1061.1565","1061.1565","1061.1565"
"1857","829.11224","829.11224","829.11224","1062.0864","1062.0864","1062.0864"
"1870","855.50684","855.50684","855.50684","1065.8229","1065.8229","1065.8229"
"1883","848.09406","848.09406","848.09406","1088.127","1088.127","1088.127"
"1896","854.4527","854.4527","854.4527","1094.7893","1094.7893","1094.7893"
"1909","866.1081","866.1081","866.1081","1087.1703","1087.1703","1087.1703"
"1922","867.4237","867.4237","867.4237","1104.9708","1104.9708","1104.9708"
"1935","873.6107","873.6107","873.6107","1123.433","1123.433","1123.433"
"1948","884.05585","884.05585","884.05585","1121.3691","1121.3691","1121.3691"
"1961","885.56793","885.56793","885.56793","1125.8959","1125.8959","1125.8959"
"1974","901.0366","901.0366","901.0366","1142.877","1142.877","1142.877"
"1987","894.00665","894.00665","894.00665","1164.9952","1164.9952","1164.9952"
"2000","898.124","898.124","898.124","1140.9484","1140.9484","1140.9484"
"2013","915.3648","915.3648","915.3648","1154.9717","1154.9717","1154.9717"
"2026","914.7948","914.7948","914.7948","1151.43","1151.43","1151.43"
"2039","938.87683","938.87683","938.87683","1162.6339","1162.6339","1162.6339"
"2052","921.95856","921.95856","921.95856","1169.1035","1169.1035","1169.1035"
"2065","930.8904","930.8904","930.8904","1205.6085","1205.6085","1205.6085"
"2078","937.92523","937.92523","937.92523","1183.3701","1183.3701","1183.3701"
"2091","956.1323","956.1323","956.1323","1209.4419","1209.4419","1209.4419"
"2104","957.1811","957.1811","957.1811","1184.9215","1184.9215","1184.9215"
"2117","955.565","955.565","955.565","1214.3956","1214.3956","1214.3956"
"2130","973.06335","973.06335","973.06335","1196.8678","1196.8678","1196.8678"
"2143","963.6214","963.6214","963.6214","1229.4706","1229.4706","1229.4706"
"2156","979.2608","979.2608","979.2608","1252.638","1252.638","1252.638"
"2169","980.65607","980.65607","980.65607","1234.7695","1234.7695","1234.7695"
"2182","990.39624","990.39624","990.39624","1230.5708","1230.5708","1230.5708"
"2195","988.9462","988.9462","988.9462","1232.4193","1232.4193","1232.4193"
"2208","1001.9829","1001.9829","1001.9829","1247.0413","1247.0413","1247.0413"
"2221","995.17413","995.17413","995.17413","1285.0659","1285.0659","1285.0659"
"2234","1010.6755","1010.6755","1010.6755","1251.2094","1251.2094","1251.2094"
"2247","1006.6626","1006.6626","1006.6626","1269.713","1269.713","1269.713"
"2260","1019.9953","1019.9953","1019.9953","1260.8904","1260.8904","1260.8904"
"2273","1018.98505","1018.98505","1018.98505","1284.6741","1284.6741","1284.6741"
"2286","1029.7184","1029.7184","1029.7184","1314.1494","1314.1494","1314.1494"
"2299","1032.1731","1032.1731","1032.1731","1296.548","1296.548","1296.548"
"2312","1033.1604","1033.1604","1033.1604","1273.7478","1273.7478","1273.7478"
"2325","1042.7659","1042.7659","1042.7659","1299.167","1299.167","1299.167"
"2338","1047.153","1047.153","1047.153","1329.3885","1329.3885","1329.3885"
"2351","1065.4708","1065.4708","1065.4708","1305.3158","1305.3158","1305.3158"
"2364","1058.7772","1058.7772","1058.7772","1337.4749","1337.4749","1337.4749"
"2377","1060.8628","1060.8628","1060.8628","1329.8232","1329.8232","1329.8232"
"2390","1069.8937","1069.8937","1069.8937","1348.4907","1348.4907","1348.4907"
"2403","1078.2937","1078.2937","1078.2937","1358.6779","1358.6779","1358.6779"
"2416","1072.1207","1072.1207","1072.1207","1377.6244","1377.6244","1377.6244"
"2429","1090.6642","1090.6642","1090.6642","1368.0807","1368.0807","1368.0807"
"2442","1109.3252","1109.3252","1109.3252","1376.258","1376.258","1376.258"
"2455","1111.0789","1111.0789","1111.0789","1381.9392","1381.9392","1381.9392"
"2468","1111.293","1111.293","1111.293","1365.255","1365.255","1365.255"
"2481","1104.9995","1104.9995","1104.9995","1402.3315","1402.3315","1402.3315"
"2494","1126.006","1126.006","1126.006","1427.1045","1427.1045","1427.1045"
"2507","1141.2","1141.2","1141.2","1402.8617","1402.8617","1402.8617"
"2520","1130.5521","1130.5521","1130.5521","1414.4236","1414.4236","1414.4236"
"2533","1144.5702","1144.5702","1144.5702","1432.4291","1432.4291","1432.4291"
"2546","1157.7286","1157.7286","1157.7286","1401.9695","1401.9695","1401.9695"
"2559","1159.359","1159.359","1159.359","1468.0638","1468.0638","1468.0638"
"2572","1161.4872","1161.4872","1161.4872","1422.7231","1422.7231","1422.7231"
"2585","1183.8938","1183.8938","1183.8938","1392.2937","1392.2937","1392.2937"
"2598","1185.417","1185.417","1185.417","1456.9265","1456.9265","1456.9265"
"2611","1195.9092","1195.9092","1195.9092","1407.9653","1407.9653","1407.9653"
"2624","1191.7476","1191.7476","1191.7476","1468.1232","1468.1232","1468.1232"
"2637","1218.6348","1218.6348","1218.6348","1451.7379","1451.7379","1451.7379"
"2650","1187.3345","1187.3345","1187.3345","1482.319","1482.319","1482.319"
"2663","1230.5404","1230.5404","1230.5404","1511.1042","1511.1042","1511.1042"
"2676","1228.2224","1228.2224","1228.2224","1501.5195","1501.5195","1501.5195"
"2689","1221.3064","1221.3064","1221.3064","1532.1587","1532.1587","1532.1587"
"2702","1242.8773","1242.8773","1242.8773","1434.697","1434.697","1434.697"
"2715","1241.353","1241.353","1241.353","1490.8193","1490.8193","1490.8193"
"2728","1247.4674","1247.4674","1247.4674","1493.0024","1493.0024","1493.0024"
"2741","1232.6406","1232.6406","1232.6406","1480.7523","1480.7523","1480.7523"
"2754","1248.1426","1248.1426","1248.1426","1447.5831","1447.5831","1447.5831"
"2767","1255.6924","1255.6924","1255.6924","1546.2738","1546.2738","1546.2738"
"2780","1277.307","1277.307","1277.307","1562.2429","1562.2429","1562.2429"
"2793","1276.4766","1276.4766","1276.4766","1561.5232","1561.5232","1561.5232"
"2806","1289.4972","1289.4972","1289.4972","1512.2113","1512.2113","1512.2113"
"2819","1281.2045","1281.2045","1281.2045","1578.8574","1578.8574","1578.8574"
"2832","1265.9933","1265.9933","1265.9933","1563.491","1563.491","1563.491"
"2845","1258.5958","1258.5958","1258.5958","1638.3278","1638.3278","1638.3278"
"2858","1300.1129","1300.1129","1300.1129","1564.2852","1564.2852","1564.2852"
"2871","1283.3663","1283.3663","1283.3663","1574.3262","1574.3262","1574.3262"
"2884","1321.8901","1321.8901","1321.8901","1598.8807","1598.8807","1598.8807"
"2897","1308.7932","1308.7932","1308.7932","1593.9138","1593.9138","1593.9138"
"2910","1318.3112","1318.3112","1318.3112","1559.467","1559.467","1559.467"
"2923","1316.9354","1316.9354","1316.9354","1564.8612","1564.8612","1564.8612"
"2936","1337.8949","1337.8949","1337.8949","1612.8561","1612.8561","1612.8561"
"2949","1320.65","1320.65","1320.65","1629.0173","1629.0173","1629.0173"
"2962","1327.8247","1327.8247","1327.8247","1620.4136","1620.4136","1620.4136"
"2975","1329.7673","1329.7673","1329.7673","1609.7775","1609.7775","1609.7775"
"2988","1339.9514","1339.9514","1339.9514","1626.3553","1626.3553","1626.3553"
"3001","1350.8494","1350.8494","1350.8494","1639.8348","1639.8348","1639.8348"
"3014","1326.9698","1326.9698","1326.9698","1633.107","1633.107","1633.107"
"3027","1350.6791","1350.6791","1350.6791","1654.4547","1654.4547","1654.4547"
"3040","1350.4781","1350.4781","1350.4781","1616.3451","1616.3451","1616.3451"
"3053","1348.1287","1348.1287","1348.1287","1670.8191","1670.8191","1670.8191"
"3066","1339.6371","1339.6371","1339.6371","1677.1229","1677.1229","1677.1229"
"3079","1354.7168","1354.7168","1354.7168","1633.2551","1633.2551","1633.2551"
"3092","1365.3966","1365.3966","1365.3966","1679.9637","1679.9637","1679.9637"
"3105","1375.3175","1375.3175","1375.3175","1723.7257","1723.7257","1723.7257"
"3118","1374.5569","1374.5569","1374.5569","1701.1852","1701.1852","1701.1852"
"3131","1398.4675","1398.4675","1398.4675","1714.9163","1714.9163","1714.9163"
"3144","1383.6587","1383.6587","1383.6587","1752.1089","1752.1089","1752.1089"
"3157","1388.2411","1388.2411","1388.2411","1687.5126","1687.5126","1687.5126"
"3170","1376.9772","1376.9772","1376.9772","1769.8022","1769.8022","1769.8022"
"3183","1368.6887","1368.6887","1368.6887","1738.7039","1738.7039","1738.7039"
"3196","1378.1661","1378.1661","1378.1661","1778.3038","1778.3038","1778.3038"
"3209","1392.576","1392.576","1392.576","1787.2671","1787.2671","1787.2671"
"3222","1400.3169","1400.3169","1400.3169","1795.8763","1795.8763","1795.8763"
"3235","1409.4458","1409.4458","1409.4458","1773.5153","1773.5153","1773.5153"
"3248","1414.491","1414.491","1414.491","1846.9747","1846.9747","1846.9747"
"3261","1435.8688","1435.8688","1435.8688","1832.4255","1832.4255","1832.4255"
"3274","1418.2623","1418.2623","1418.2623","1809.721","1809.721","1809.721"
"3287","1416.298","1416.298","1416.298","1799.2588","1799.2588","1799.2588"
"3300","1450.6937","1450.6937","1450.6937","1818.98","1818.98","1818.98"
"3313","1440.5442","1440.5442","1440.5442","1834.2659","1834.2659","1834.2659"
"3326","1442.323","1442.323","1442.323","1885.9594","1885.9594","1885.9594"
"3339","1441.9495","1441.9495","1441.9495","1854.667","1854.667","1854.667"
"3352","1437.3165","1437.3165","1437.3165","1944.7777","1944.7777","1944.7777"
"3365","1441.676","1441.676","1441.676","1849.3639","1849.3639","1849.3639"
"3378","1451.2449","1451.2449","1451.2449","1887.8369","1887.8369","1887.8369"
"3391","1448.3794","1448.3794","1448.3794","1919.7883","1919.7883","1919.7883"
"3404","1460.9506","1460.9506","1460.9506","1940.7782","1940.7782","1940.7782"
"3417","1447.9894","1447.9894","1447.9894","1920.4286","1920.4286","1920.4286"
"3430","1473.9128","1473.9128","1473.9128","1996.7333","1996.7333","1996.7333"
"3443","1449.072","1449.072","1449.072","1957.6458","1957.6458","1957.6458"
"3456","1443.5376","1443.5376","1443.5376","1986.8297","1986.8297","1986.8297"
"3469","1475.0166","1475.0166","1475.0166","1934.744","1934.744","1934.744"
"3482","1492.0527","1492.0527","1492.0527","1954.8787","1954.8787","1954.8787"
"3495","1481.8082","1481.8082","1481.8082","2093.267","2093.267","2093.267"
"3508","1507.7367","1507.7367","1507.7367","1982.0221","1982.0221","1982.0221"
"3521","1477.5769","1477.5769","1477.5769","2008.1475","2008.1475","2008.1475"
"3534","1494.6797","1494.6797","1494.6797","1932.3881","1932.3881","1932.3881"
"3547","1510.7231","1510.7231","1510.7231","2115.062","2115.062","2115.062"
"3560","1495.429","1495.429","1495.429","2044.6925","2044.6925","2044.6925"
"3573","1511.3309","1511.3309","1511.3309","2095.8486","2095.8486","2095.8486"
"3586","1516.2863","1516.2863","1516.2863","2100.5837","2100.5837","2100.5837"
"3599","1497.2867","1497.2867","1497.2867","2138.491","2138.491","2138.491"
"3612","1504.8934","1504.8934","1504.8934","2141.585","2141.585","2141.585"
"3625","1512.2012","1512.2012","1512.2012","2125.4734","2125.4734","2125.4734"
"3638","1523.7533","1523.7533","1523.7533","2134.2715","2134.2715","2134.2715"
"3651","1515.7708","1515.7708","1515.7708","2194.011","2194.011","2194.011"
"3664","1540.3866","1540.3866","1540.3866","2408.0938","2408.0938","2408.0938"
"3677","1534.4249","1534.4249","1534.4249","2151.127","2151.127","2151.127"
"3690","1546.8372","1546.8372","1546.8372","2157.7131","2157.7131","2157.7131"
"3703","1529.4657","1529.4657","1529.4657","2194.3137","2194.3137","2194.3137"
"3716","1519.3136","1519.3136","1519.3136","2369.0464","2369.0464","2369.0464"
"3729","1541.006","1541.006","1541.006","2468.3716","2468.3716","2468.3716"
"3742","1537.3578","1537.3578","1537.3578","2363.8787","2363.8787","2363.8787"
"3755","1574.173","1574.173","1574.173","2412.5417","2412.5417","2412.5417"
"3768","1558.7446","1558.7446","1558.7446","2297.353","2297.353","2297.353"
"3781","1564.3777","1564.3777","1564.3777","2223.325","2223.325","2223.325"
"3794","1587.5773","1587.5773","1587.5773","2263.1074","2263.1074","2263.1074"
"3807","1584.2206","1584.2206","1584.2206","2383.2837","2383.2837","2383.2837"
"3820","1569.9606","1569.9606","1569.9606","2494.524","2494.524","2494.524"
"3833","1577.8846","1577.8846","1577.8846","2391.1255","2391.1255","2391.1255"
"3846","1580.5754","1580.5754","1580.5754","2456.501","2456.501","2456.501"
"3859","1590.5486","1590.5486","1590.5486","2592.9185","2592.9185","2592.9185"
"3872","1608.0774","1608.0774","1608.0774","2453.6926","2453.6926","2453.6926"
"3885","1578.1938","1578.1938","1578.1938","2448.508","2448.508","2448.508"
"3898","1571.6278","1571.6278","1571.6278","2510.3179","2510.3179","2510.3179"
"3911","1586.4037","1586.4037","1586.4037","2745.0122","2745.0122","2745.0122"
"3924","1604.7649","1604.7649","1604.7649","2652.3801","2652.3801","2652.3801"
"3937","1595.7076","1595.7076","1595.7076","2552.2393","2552.2393","2552.2393"
"3950","1632.313","1632.313","1632.313","2974.0706","2974.0706","2974.0706"
"3963","1630.1593","1630.1593","1630.1593","2904.9575","2904.9575","2904.9575"
"3976","1594.1792","1594.1792","1594.1792","2702.517","2702.517","2702.517"
"3989","1651.0378","1651.0378","1651.0378","2717.465","2717.465","2717.465"
"4002","1612.351","1612.351","1612.351","2842.2913","2842.2913","2842.2913"
"4015","1620.5874","1620.5874","1620.5874","2477.4812","2477.4812","2477.4812"
"4028","1639.0344","1639.0344","1639.0344","2860.1157","2860.1157","2860.1157"
"4041","1628.1074","1628.1074","1628.1074","2960.5134","2960.5134","2960.5134"
"4054","1644.1807","1644.1807","1644.1807","2984.3706","2984.3706","2984.3706"
"4067","1638.7601","1638.7601","1638.7601","2912.2324","2912.2324","2912.2324"
"4080","1656.3163","1656.3163","1656.3163","3195.334","3195.334","3195.334"
"4093","1655.9255","1655.9255","1655.9255","3092.8572","3092.8572","3092.8572"
"4106","1616.2233","1616.2233","1616.2233","3609.8303","3609.8303","3609.8303"
"4119","1669.4087","1669.4087","1669.4087","3295.0005","3295.0005","3295.0005"
"4132","1632.652","1632.652","1632.652","3089.4414","3089.4414","3089.4414"
"4145","1673.9429","1673.9429","1673.9429","3530.3694","3530.3694","3530.3694"
"4158","1660.7014","1660.7014","1660.7014","3225.84","3225.84","3225.84"
"4171","1663.5823","1663.5823","1663.5823","3540.9883","3540.9883","3540.9883"
"4184","1653.027","1653.027","1653.027","3362.432","3362.432","3362.432"
"4197","1692.0549","1692.0549","1692.0549","3043.9858","3043.9858","3043.9858"
"4210","1669.9208","1669.9208","1669.9208","3113.2993","3113.2993","3113.2993"
"4223","1643.1843","1643.1843","1643.1843","3339.8855","3339.8855","3339.8855"
"4236","1688.0468","1688.0468","1688.0468","3521.0056","3521.0056","3521.0056"
"4249","1664.0479","1664.0479","1664.0479","3880.5867","3880.5867","3880.5867"
"4262","1697.4552","1697.4552","1697.4552","3416.8704","3416.8704","3416.8704"
"4275","1666.7554","1666.7554","1666.7554","3895.1895","3895.1895","3895.1895"
"4288","1730.1558","1730.1558","1730.1558","3716.2852","3716.2852","3716.2852"
"4301","1715.4674","1715.4674","1715.4674","3807.0093","3807.0093","3807.0093"
"4314","1691.9674","1691.9674","1691.9674","3734.3267","3734.3267","3734.3267"
"4327","1695.2124","1695.2124","1695.2124","4151.0234","4151.0234","4151.0234"
"4340","1709.6575","1709.6575","1709.6575","4370.348","4370.348","4370.348"
"4353","1738.0658","1738.0658","1738.0658","3910.8877","3910.8877","3910.8877"
"4366","1756.5","1756.5","1756.5","3865.2253","3865.2253","3865.2253"
"4379","1719.5825","1719.5825","1719.5825","4579.115","4579.115","4579.115"
"4392","1696.327","1696.327","1696.327","4491.1255","4491.1255","4491.1255"
"4405","1738.6353","1738.6353","1738.6353","4178.7314","4178.7314","4178.7314"
"4418","1743.1842","1743.1842","1743.1842","4059.4612","4059.4612","4059.4612"
"4431","1737.7548","1737.7548","1737.7548","4476.6514","4476.6514","4476.6514"
"4444","1745.7384","1745.7384","1745.7384","4421.3164","4421.3164","4421.3164"
"4457","1762.7927","1762.7927","1762.7927","4288.546","4288.546","4288.546"
"4470","1752.357","1752.357","1752.357","4498.1284","4498.1284","4498.1284"
"4483","1733.7186","1733.7186","1733.7186","4603.751","4603.751","4603.751"
"4496","1795.6188","1795.6188","1795.6188","4949.355","4949.355","4949.355"
"4509","1816.4634","1816.4634","1816.4634","4660.8457","4660.8457","4660.8457"
"4522","1774.7415","1774.7415","1774.7415","5035.017","5035.017","5035.017"
"4535","1816.7516","1816.7516","1816.7516","4764.331","4764.331","4764.331"
"4548","1742.6595","1742.6595","1742.6595","4914.3896","4914.3896","4914.3896"
"4561","1819.7524","1819.7524","1819.7524","4938.56","4938.56","4938.56"
"4574","1777.9851","1777.9851","1777.9851","4611.4644","4611.4644","4611.4644"
"4587","1807.4966","1807.4966","1807.4966","5004.342","5004.342","5004.342"
"4600","1801.5823","1801.5823","1801.5823","5273.7573","5273.7573","5273.7573"
"4613","1814.2943","1814.2943","1814.2943","5491.369","5491.369","5491.369"
"4626","1864.707","1864.707","1864.707","5066.7466","5066.7466","5066.7466"
"4639","1776.2567","1776.2567","1776.2567","5550.501","5550.501","5550.501"
"4652","1767.6498","1767.6498","1767.6498","5182.559","5182.559","5182.559"
"4665","1841.4572","1841.4572","1841.4572","4786.7","4786.7","4786.7"
"4678","1889.8779","1889.8779","1889.8779","5097.5264","5097.5264","5097.5264"
"4691","1837.5978","1837.5978","1837.5978","5681.282","5681.282","5681.282"
"4704","1861.7728","1861.7728","1861.7728","5888.853","5888.853","5888.853"
"4717","1821.8488","1821.8488","1821.8488","5761.612","5761.612","5761.612"
"4730","1869.0706","1869.0706","1869.0706","5887.793","5887.793","5887.793"
"4743","1890.2325","1890.2325","1890.2325","5936.611","5936.611","5936.611"
"4756","1861.7526","1861.7526","1861.7526","5096.1396","5096.1396","5096.1396"
"4769","1846.6929","1846.6929","1846.6929","5739.716","5739.716","5739.716"
"4782","1888.049","1888.049","1888.049","6123.434","6123.434","6123.434"
"4795","1916.993","1916.993","1916.993","6176.142","6176.142","6176.142"
"4808","1886.1581","1886.1581","1886.1581","5819.79","5819.79","5819.79"
"4821","1944.2638","1944.2638","1944.2638","6063.411","6063.411","6063.411"
"4834","1922.4429","1922.4429","1922.4429","5739.4097","5739.4097","5739.4097"
"4847","1941.3966","1941.3966","1941.3966","6102.06","6102.06","6102.06"
"4860","1941.8855","1941.8855","1941.8855","5669.3584","5669.3584","5669.3584"
"4873","1925.3251","1925.3251","1925.3251","5833.659","5833.659","5833.659"
"4886","1936.7261","1936.7261","1936.7261","5732.989","5732.989","5732.989"
"4899","1939.113","1939.113","1939.113","6250.719","6250.719","6250.719"
"4912","1946.9355","1946.9355","1946.9355","6442.4043","6442.4043","6442.4043"
"4925","1966.4106","1966.4106","1966.4106","6404.604","6404.604","6404.604"
"4938","1919.5863","1919.5863","1919.5863","6654.986","6654.986","6654.986"
"4951","1959.841","1959.841","1959.841","6702.067","6702.067","6702.067"
"4964","1985.2689","1985.2689","1985.2689","6773.265","6773.265","6773.265"
"4977","1998.6414","1998.6414","1998.6414","6998.105","6998.105","6998.105"
"4990","2028.816","2028.816","2028.816","6839.147","6839.147","6839.147"
"5003","2011.0005","2011.0005","2011.0005","6001.762","6001.762","6001.762"
"5016","1975.0702","1975.0702","1975.0702","6300.3447","6300.3447","6300.3447"
"5029","2013.1395","2013.1395","2013.1395","7051.1733","7051.1733","7051.1733"
"5042","1975.4111","1975.4111","1975.4111","6591.1704","6591.1704","6591.1704"
"5055","1971.4518","1971.4518","1971.4518","6645.688","6645.688","6645.688"
"5068","2034.9432","2034.9432","2034.9432","6788.3286","6788.3286","6788.3286"
"5081","2029.8663","2029.8663","2029.8663","6783.1196","6783.1196","6783.1196"
"5094","2031.9563","2031.9563","2031.9563","6333.1855","6333.1855","6333.1855"
"5107","2048.2356","2048.2356","2048.2356","6345.1113","6345.1113","6345.1113"
"5120","2109.793","2109.793","2109.793","7198.6436","7198.6436","7198.6436"
"5133","2113.2698","2113.2698","2113.2698","7347.858","7347.858","7347.858"
"5146","2036.149","2036.149","2036.149","6719.883","6719.883","6719.883"
"5159","2046.9524","2046.9524","2046.9524","6944.7705","6944.7705","6944.7705"
"5172","2019.2521","2019.2521","2019.2521","7095.1245","7095.1245","7095.1245"
"5185","2095.755","2095.755","2095.755","6982.0513","6982.0513","6982.0513"
"5198","2074.2273","2074.2273","2074.2273","7228.6807","7228.6807","7228.6807"
"5211","2125.158","2125.158","2125.158","7087.7383","7087.7383","7087.7383"
"5224","2054.4436","2054.4436","2054.4436","6936.381","6936.381","6936.381"
"5237","2096.4004","2096.4004","2096.4004","7324.819","7324.819","7324.819"
"5250","2026.6213","2026.6213","2026.6213","7291.5283","7291.5283","7291.5283"
"5263","2076.4648","2076.4648","2076.4648","7215.4775","7215.4775","7215.4775"
"5276","2132.1763","2132.1763","2132.1763","7588.6206","7588.6206","7588.6206"
"5289","2155.114","2155.114","2155.114","7645.0415","7645.0415","7645.0415"
"5302","2120.1792","2120.1792","2120.1792","7594.144","7594.144","7594.144"
"5315","2193.1978","2193.1978","2193.1978","7498.779","7498.779","7498.779"
"5328","2123.3757","2123.3757","2123.3757","7404.6274","7404.6274","7404.6274"
"5341","2103.332","2103.332","2103.332","7964.118","7964.118","7964.118"
"5354","2212.9631","2212.9631","2212.9631","7452.1953","7452.1953","7452.1953"
"5367","2205.4106","2205.4106","2205.4106","7545.409","7545.409","7545.409"
"5380","2197.5193","2197.5193","2197.5193","7475.2466","7475.2466","7475.2466"
"5393","2122.1326","2122.1326","2122.1326","7780.5444","7780.5444","7780.5444"
"5406","2128.0159","2128.0159","2128.0159","7256.9663","7256.9663","7256.9663"
"5419","2205.8613","2205.8613","2205.8613","7483.659","7483.659","7483.659"
"5432","2182.3477","2182.3477","2182.3477","7878.44","7878.44","7878.44"
"5445","2216.0127","2216.0127","2216.0127","7606.318","7606.318","7606.318"
"5458","2268.9246","2268.9246","2268.9246","7213.3896","7213.3896","7213.3896"
"5471","2188.095","2188.095","2188.095","7525.6177","7525.6177","7525.6177"
"5484","2247.8718","2247.8718","2247.8718","7623.3037","7623.3037","7623.3037"
"5497","2341.2554","2341.2554","2341.2554","7239.255","7239.255","7239.255"
"5510","2324.9312","2324.9312","2324.9312","7508.952","7508.952","7508.952"
"5523","2269.4285","2269.4285","2269.4285","7548.9395","7548.9395","7548.9395"
"5536","2326.8965","2326.8965","2326.8965","7323.2427","7323.2427","7323.2427"
"5549","2352.7263","2352.7263","2352.7263","7484.05","7484.05","7484.05"
"5562","2344.2996","2344.2996","2344.2996","7637.3965","7637.3965","7637.3965"
"5575","2274.1858","2274.1858","2274.1858","7814.056","7814.056","7814.056"
"5588","2361.713","2361.713","2361.713","7840.569","7840.569","7840.569"
"5601","2309.2207","2309.2207","2309.2207","7569.577","7569.577","7569.577"
"5614","2432.9321","2432.9321","2432.9321","7908.777","7908.777","7908.777"
"5627","2400.1008","2400.1008","2400.1008","8122.4854","8122.4854","8122.4854"
"5640","2335.6204","2335.6204","2335.6204","7635.9316","7635.9316","7635.9316"
"5653","2397.6013","2397.6013","2397.6013","7717.4917","7717.4917","7717.4917"
"5666","2431.7769","2431.7769","2431.7769","8083.427","8083.427","8083.427"
"5679","2420.693","2420.693","2420.693","7946.326","7946.326","7946.326"
"5692","2528.9163","2528.9163","2528.9163","7439.177","7439.177","7439.177"
"5705","2403.1301","2403.1301","2403.1301","7436.0215","7436.0215","7436.0215"
"5718","2505.4363","2505.4363","2505.4363","8132.9424","8132.9424","8132.9424"
"5731","2437.4727","2437.4727","2437.4727","8159.3667","8159.3667","8159.3667"
"5744","2540.9575","2540.9575","2540.9575","7863.5195","7863.5195","7863.5195"
"5757","2495.7212","2495.7212","2495.7212","7768.694","7768.694","7768.694"
"5770","2616.6367","2616.6367","2616.6367","8143.7227","8143.7227","8143.7227"
"5783","2495.9854","2495.9854","2495.9854","7990.417","7990.417","7990.417"
"5796","2635.5337","2635.5337","2635.5337","8464.1455","8464.1455","8464.1455"
"5809","2547.1035","2547.1035","2547.1035","7645.993","7645.993","7645.993"
"5822","2566.1875","2566.1875","2566.1875","7911.7334","7911.7334","7911.7334"
"5835","2585.6091","2585.6091","2585.6091","7733.4146","7733.4146","7733.4146"
"5848","2777.3113","2777.3113","2777.3113","7431.499","7431.499","7431.499"
"5861","2531.4883","2531.4883","2531.4883","8251.928","8251.928","8251.928"
"5874","2739.978","2739.978","2739.978","8190.719","8190.719","8190.719"
"5887","2800.504","2800.504","2800.504","7672.8584","7672.8584","7672.8584"
"5900","2731.202","2731.202","2731.202","7815.543","7815.543","7815.543"
"5913","2756.217","2756.217","2756.217","7703.4775","7703.4775","7703.4775"
"5926","2823.572","2823.572","2823.572","8077.246","8077.246","8077.246"
"5939","3043.0361","3043.0361","3043.0361","8457.549","8457.549","8457.549"
"5952","2852.1821","2852.1821","2852.1821","8013.8994","8013.8994","8013.8994"
"5965","2891.0093","2891.0093","2891.0093","7784.8276","7784.8276","7784.8276"
"5978","2972.987","2972.987","2972.987","8260.915","8260.915","8260.915"
"5991","2909.608","2909.608","2909.608","8300.902","8300.902","8300.902"
"6004","3003.7556","3003.7556","3003.7556","8108.8843","8108.8843","8108.8843"
"6017","2666.7334","2666.7334","2666.7334","8109.3545","8109.3545","8109.3545"
"6030","2882.4526","2882.4526","2882.4526","8125.0527","8125.0527","8125.0527"
"6043","3008.7483","3008.7483","3008.7483","8317.409","8317.409","8317.409"
"6056","3120.097","3120.097","3120.097","8254.347","8254.347","8254.347"
"6069","2985.9448","2985.9448","2985.9448","8246.661","8246.661","8246.661"
"6082","3314.5813","3314.5813","3314.5813","8574.375","8574.375","8574.375"
"6095","3357.3123","3357.3123","3357.3123","8070.8267","8070.8267","8070.8267"
"6108","3063.133","3063.133","3063.133","7977.53","7977.53","7977.53"
"6121","3342.516","3342.516","3342.516","8329.217","8329.217","8329.217"
"6134","3587.1497","3587.1497","3587.1497","7863.8105","7863.8105","7863.8105"
"6147","3555.2007","3555.2007","3555.2007","8075.288","8075.288","8075.288"
"6160","3305.0356","3305.0356","3305.0356","8191.608","8191.608","8191.608"
"6173","3989.8452","3989.8452","3989.8452","8370.422","8370.422","8370.422"
"6186","3539.06","3539.06","3539.06","8136.1636","8136.1636","8136.1636"
"6199","3813.316","3813.316","3813.316","8578.783","8578.783","8578.783"
"6212","3544.293","3544.293","3544.293","8187.6445","8187.6445","8187.6445"
"6225","4003.1655","4003.1655","4003.1655","8353.001","8353.001","8353.001"
"6238","3793.4998","3793.4998","3793.4998","8266.787","8266.787","8266.787"
"6251","4197.1323","4197.1323","4197.1323","8540.101","8540.101","8540.101"
"6264","3784.3088","3784.3088","3784.3088","8258.193","8258.193","8258.193"
"6277","3772.251","3772.251","3772.251","7938.5117","7938.5117","7938.5117"
"6290","3987.331","3987.331","3987.331","7855.9575","7855.9575","7855.9575"
"6303","3768.7744","3768.7744","3768.7744","8314.49","8314.49","8314.49"
"6316","4423.762","4423.762","4423.762","8523.276","8523.276","8523.276"
"6329","4472.141","4472.141","4472.141","8358.05","8358.05","8358.05"
"6359","4421.943","4421.943","4421.943","8149.355","8149.355","8149.355"
"6362","4772.4756","4772.4756","4772.4756","8545.4","8545.4","8545.4"
"6375","4736.813","4736.813","4736.813","8323.999","8323.999","8323.999"
"6388","4325.8296","4325.8296","4325.8296","8158.9478","8158.9478","8158.9478"
"6401","4676.388","4676.388","4676.388","8421.91","8421.91","8421.91"
"6414","4499.687","4499.687","4499.687","7775.936","7775.936","7775.936"
"6427","4924.4326","4924.4326","4924.4326","8363.715","8363.715","8363.715"
"6440","4675.4688","4675.4688","4675.4688","8483.181","8483.181","8483.181"
"6453","5211.7754","5211.7754","5211.7754","8423.776","8423.776","8423.776"
"6466","5253.6753","5253.6753","5253.6753","8675.986","8675.986","8675.986"
"6479","5184.4688","5184.4688","5184.4688","8649.022","8649.022","8649.022"
"6492","5324.8945","5324.8945","5324.8945","8746.42","8746.42","8746.42"
"6505","5372.9155","5372.9155","5372.9155","8498.053","8498.053","8498.053"
"6518","5644.5522","5644.5522","5644.5522","8845.032","8845.032","8845.032"
"6531","5317.869","5317.869","5317.869","8507.658","8507.658","8507.658"
"6544","5323.1406","5323.1406","5323.1406","8032.9224","8032.9224","8032.9224"
"6557","5425.818","5425.818","5425.818","8600.655","8600.655","8600.655"
"6570","5683.843","5683.843","5683.843","8661.32","8661.32","8661.32"
"6583","5761.308","5761.308","5761.308","8381.143","8381.143","8381.143"
"6596","5873.279","5873.279","5873.279","8068.4834","8068.4834","8068.4834"
"6609","5433.862","5433.862","5433.862","8645.243","8645.243","8645.243"
"6622","5966.16","5966.16","5966.16","8728.436","8728.436","8728.436"
"6635","6622.348","6622.348","6622.348","8318.474","8318.474","8318.474"
"6648","6264.3574","6264.3574","6264.3574","8373.166","8373.166","8373.166"
"6661","6028.7344","6028.7344","6028.7344","8106.883","8106.883","8106.883"
"6674","6017.0835","6017.0835","6017.0835","9012.812","9012.812","9012.812"
"6687","5857.7227","5857.7227","5857.7227","8844.451","8844.451","8844.451"
"6700","6626.145","6626.145","6626.145","8846.303","8846.303","8846.303"
"6713","7085.239","7085.239","7085.239","8903.28","8903.28","8903.28"
"6726","6273.647","6273.647","6273.647","9120.71","9120.71","9120.71"
"6739","6307.8545","6307.8545","6307.8545","8688.203","8688.203","8688.203"
"6752","6803.127","6803.127","6803.127","8618.238","8618.238","8618.238"
"6765","6575.7915","6575.7915","6575.7915","8566.73","8566.73","8566.73"
"6778","6676.178","6676.178","6676.178","8947.671","8947.671","8947.671"
"6791","6677.5366","6677.5366","6677.5366","8933.853","8933.853","8933.853"
"6804","6835.9688","6835.9688","6835.9688","9104.096","9104.096","9104.096"
"6817","6672.0054","6672.0054","6672.0054","8887.188","8887.188","8887.188"
"6830","7245.1426","7245.1426","7245.1426","8768.088","8768.088","8768.088"
"6843","6993.773","6993.773","6993.773","8773.675","8773.675","8773.675"
"6856","6942.9604","6942.9604","6942.9604","8900.201","8900.201","8900.201"
"6869","7280.323","7280.323","7280.323","9066.281","9066.281","9066.281"
"6882","6978.2935","6978.2935","6978.2935","8844.863","8844.863","8844.863"
"6895","7202.7227","7202.7227","7202.7227","8857.528","8857.528","8857.528"
"6908","7188.5493","7188.5493","7188.5493","8601.453","8601.453","8601.453"
"6921","7247.019","7247.019","7247.019","8950.572","8950.572","8950.572"
"6934","6999.4346","6999.4346","6999.4346","8778.445","8778.445","8778.445"
"6947","7455.7505","7455.7505","7455.7505","8741.733","8741.733","8741.733"
"6960","7610.2905","7610.2905","7610.2905","8939.131","8939.131","8939.131"
"6973","7199.2686","7199.2686","7199.2686","8467.261","8467.261","8467.261"
"6986","7379.73","7379.73","7379.73","8882.141","8882.141","8882.141"
"6999","7501.9126","7501.9126","7501.9126","8234.923","8234.923","8234.923"
"7012","7554.89","7554.89","7554.89","8425.077","8425.077","8425.077"
"7025","7458.309","7458.309","7458.309","8678.941","8678.941","8678.941"
"7038","7485.633","7485.633","7485.633","8554.666","8554.666","8554.666"
"7051","7474.898","7474.898","7474.898","8707.4375","8707.4375","8707.4375"
"7064","7576.882","7576.882","7576.882","8951.802","8951.802","8951.802"
"7077","7604.4556","7604.4556","7604.4556","9235.192","9235.192","9235.192"
"7090","7382.654","7382.654","7382.654","8547.721","8547.721","8547.721"
"7103","7362.2314","7362.2314","7362.2314","8969.495","8969.495","8969.495"
"7116","7336.9014","7336.9014","7336.9014","9023.217","9023.217","9023.217"
"7129","7640.3657","7640.3657","7640.3657","8690.623","8690.623","8690.623"
"7142","7885.703","7885.703","7885.703","9197.317","9197.317","9197.317"
"7155","7942.101","7942.101","7942.101","9278.261","9278.261","9278.261"
"7168","7842.5205","7842.5205","7842.5205","8842.858","8842.858","8842.858"
"7181","7395.7075","7395.7075","7395.7075","9081.285","9081.285","9081.285"
"7194","7893.3916","7893.3916","7893.3916","9218.552","9218.552","9218.552"
"7207","7671.804","7671.804","7671.804","8502.672","8502.672","8502.672"
"7220","7070.6187","7070.6187","7070.6187","8677.09","8677.09","8677.09"
"7233","8102.944","8102.944","8102.944","8537.111","8537.111","8537.111"
"7246","7808.5913","7808.5913","7808.5913","8920.598","8920.598","8920.598"
"7259","7602.076","7602.076","7602.076","8599.32","8599.32","8599.32"
"7272","7615.0205","7615.0205","7615.0205","9089.8955","9089.8955","9089.8955"
"7285","8035.64","8035.64","8035.64","9040.354","9040.354","9040.354"
"7298","7637.868","7637.868","7637.868","9168.176","9168.176","9168.176"
"7311","7820.2666","7820.2666","7820.2666","9280.066","9280.066","9280.066"
"7324","8034.2656","8034.2656","8034.2656","8945.116","8945.116","8945.116"
"7337","8298.451","8298.451","8298.451","8963.125","8963.125","8963.125"
"7350","8030.846","8030.846","8030.846","9281.47","9281.47","9281.47"
"7363","7687.118","7687.118","7687.118","9391.27","9391.27","9391.27"
"7376","7881.605","7881.605","7881.605","9323.856","9323.856","9323.856"
"7389","7774.561","7774.561","7774.561","9060.501","9060.501","9060.501"
"7402","8280.255","8280.255","8280.255","8991.185","8991.185","8991.185"
"7415","7937.3247","7937.3247","7937.3247","9310.553","9310.553","9310.553"
"7428","7917.613","7917.613","7917.613","9545.222","9545.222","9545.222"
"7441","7705.109","7705.109","7705.109","9246.083","9246.083","9246.083"
"7454","7858.556","7858.556","7858.556","9246.032","9246.032","9246.032"
"7467","8041.407","8041.407","8041.407","9031.76","9031.76","9031.76"
"7480","8488.264","8488.264","8488.264","9276.962","9276.962","9276.962"
"7493","8499.521","8499.521","8499.521","9020.75","9020.75","9020.75"
"7506","8315.509","8315.509","8315.509","8843.729","8843.729","8843.729"
"7519","8311.928","8311.928","8311.928","8946.707","8946.707","8946.707"
"7532","8014.0464","8014.0464","8014.0464","8799.038","8799.038","8799.038"
"7545","7625.046","7625.046","7625.046","8603.014","8603.014","8603.014"
"7558","7994.678","7994.678","7994.678","9160.577","9160.577","9160.577"
"7571","8159.133","8159.133","8159.133","9114.436","9114.436","9114.436"
"7584","8236.812","8236.812","8236.812","9225.655","9225.655","9225.655"
"7597","8236.449","8236.449","8236.449","9204.365","9204.365","9204.365"
"7610","8335.826","8335.826","8335.826","9267.787","9267.787","9267.787"
"7623","8292.573","8292.573","8292.573","8891.916","8891.916","8891.916"
"7636","8197.613","8197.613","8197.613","9127.393","9127.393","9127.393"
"7649","7881.164","7881.164","7881.164","9243.196","9243.196","9243.196"
"7662","8237.113","8237.113","8237.113","9004.685","9004.685","9004.685"
"7675","8351.814","8351.814","8351.814","9056.32","9056.32","9056.32"
"7688","8347.056","8347.056","8347.056","9438.424","9438.424","9438.424"
"7701","8274.3","8274.3","8274.3","9053.063","9053.063","9053.063"
"7714","8505.462","8505.462","8505.462","9390.497","9390.497","9390.497"
"7727","8375.2295","8375.2295","8375.2295","8917.927","8917.927","8917.927"
"7740","8449.34","8449.34","8449.34","8963.006","8963.006","8963.006"
"7753","8215.591","8215.591","8215.591","9487.734","9487.734","9487.734"
"7766","8115.9775","8115.9775","8115.9775","9244.088","9244.088","9244.088"
"7779","8280.521","8280.521","8280.521","8777.29","8777.29","8777.29"
"7792","8130.802","8130.802","8130.802","8788.285","8788.285","8788.285"
"7805","8499.786","8499.786","8499.786","8910.504","8910.504","8910.504"
"7818","8255.745","8255.745","8255.745","8980.649","8980.649","8980.649"
"7831","8406.6045","8406.6045","8406.6045","9295.521","9295.521","9295.521"
"7844","8139.673","8139.673","8139.673","9112.362","9112.362","9112.362"
"7857","8328.978","8328.978","8328.978","9566.882","9566.882","9566.882"
"7870","8447.113","8447.113","8447.113","9187.574","9187.574","9187.574"
"7883","8534.527","8534.527","8534.527","9432.553","9432.553","9432.553"
"7896","8354.689","8354.689","8354.689","9506.13","9506.13","9506.13"
"7909","8247.218","8247.218","8247.218","9916.939","9916.939","9916.939"
"7922","8336.695","8336.695","8336.695","9247.699","9247.699","9247.699"
"7935","8597.287","8597.287","8597.287","9050.8125","9050.8125","9050.8125"
"7948","8501.297","8501.297","8501.297","9391.697","9391.697","9391.697"
"7961","8524.556","8524.556","8524.556","9689.17","9689.17","9689.17"
"7974","8335.988","8335.988","8335.988","9501.1875","9501.1875","9501.1875"
"7987","8273.628","8273.628","8273.628","9541.602","9541.602","9541.602"
"8000","8530.306","8530.306","8530.306","9464.763","9464.763","9464.763"
"8013","8549.336","8549.336","8549.336","9320.407","9320.407","9320.407"
"8026","8687.267","8687.267","8687.267","9166.472","9166.472","9166.472"
"8039","8490.958","8490.958","8490.958","8939.037","8939.037","8939.037"
"8052","8755.57","8755.57","8755.57","9387.83","9387.83","9387.83"
"8065","8790.851","8790.851","8790.851","9450.975","9450.975","9450.975"
"8078","8498.762","8498.762","8498.762","9572.825","9572.825","9572.825"
"8091","8350.3545","8350.3545","8350.3545","9492.349","9492.349","9492.349"
"8104","8359.706","8359.706","8359.706","9369.61","9369.61","9369.61"
"8117","8704.478","8704.478","8704.478","9104.864","9104.864","9104.864"
"8130","8416.313","8416.313","8416.313","9433.187","9433.187","9433.187"
"8143","8428.26","8428.26","8428.26","9253.297","9253.297","9253.297"
"8156","8250.792","8250.792","8250.792","9496.573","9496.573","9496.573"
"8169","8571.619","8571.619","8571.619","9534.734","9534.734","9534.734"
"8182","8897.398","8897.398","8897.398","9692.551","9692.551","9692.551"
"8195","8791.306","8791.306","8791.306","9578.512","9578.512","9578.512"
"8208","8579.609","8579.609","8579.609","9349.003","9349.003","9349.003"
"8221","8542.454","8542.454","8542.454","9347.691","9347.691","9347.691"
"8234","8398.893","8398.893","8398.893","9340.703","9340.703","9340.703"
"8247","8644.757","8644.757","8644.757","9681.938","9681.938","9681.938"
"8260","8834.292","8834.292","8834.292","9513.948","9513.948","9513.948"
"8273","8638.841","8638.841","8638.841","9276.153","9276.153","9276.153"
"8286","8497.747","8497.747","8497.747","9239.167","9239.167","9239.167"
"8299","8700.295","8700.295","8700.295","8958.225","8958.225","8958.225"
"8312","8576.863","8576.863","8576.863","9236.416","9236.416","9236.416"
"8325","8707.38","8707.38","8707.38","9708.487","9708.487","9708.487"
"8338","8856.78","8856.78","8856.78","9605.03","9605.03","9605.03"
"8351","8503.503","8503.503","8503.503","9826.83","9826.83","9826.83"
"8364","8715.875","8715.875","8715.875","9474.741","9474.741","9474.741"
"8377","8675.043","8675.043","8675.043","9835.726","9835.726","9835.726"
"8390","8901.831","8901.831","8901.831","9463.068","9463.068","9463.068"
"8403","8925.5205","8925.5205","8925.5205","9789.169","9789.169","9789.169"
"8416","8797.379","8797.379","8797.379","9706.723","9706.723","9706.723"
"8429","8890.329","8890.329","8890.329","9223.452","9223.452","9223.452"
"8442","9252.848","9252.848","9252.848","9760.577","9760.577","9760.577"
"8455","8806.331","8806.331","8806.331","9724.495","9724.495","9724.495"
"8468","8977.382","8977.382","8977.382","9450.388","9450.388","9450.388"
"8481","8954.893","8954.893","8954.893","9359.758","9359.758","9359.758"
"8494","9088.669","9088.669","9088.669","9427.1","9427.1","9427.1"
"8507","8621.323","8621.323","8621.323","9900.437","9900.437","9900.437"
"8520","8569.985","8569.985","8569.985","9445.725","9445.725","9445.725"
"8533","8893.152","8893.152","8893.152","9280.929","9280.929","9280.929"
"8546","8897.999","8897.999","8897.999","9686.163","9686.163","9686.163"
"8559","8705.926","8705.926","8705.926","9735.145","9735.145","9735.145"
"8572","8971.622","8971.622","8971.622","9556.927","9556.927","9556.927"
"8585","9114.247","9114.247","9114.247","9323.577","9323.577","9323.577"
"8598","8797.563","8797.563","8797.563","9701.939","9701.939","9701.939"
"8611","8829.854","8829.854","8829.854","10176.792","10176.792","10176.792"
"8624","8891.437","8891.437","8891.437","9981.825","9981.825","9981.825"
"8637","9071.781","9071.781","9071.781","9586.855","9586.855","9586.855"
"8650","8889.797","8889.797","8889.797","9350.578","9350.578","9350.578"
"8663","9283.965","9283.965","9283.965","9415.718","9415.718","9415.718"
"8676","9334.32","9334.32","9334.32","9288.141","9288.141","9288.141"
"8689","9160.191","9160.191","9160.191","9782.659","9782.659","9782.659"
"8702","9170.88","9170.88","9170.88","9639.449","9639.449","9639.449"
"8715","9266.388","9266.388","9266.388","9599.023","9599.023","9599.023"
"8728","9259.942","9259.942","9259.942","9839.988","9839.988","9839.988"
"8741","9665.535","9665.535","9665.535","9691.331","9691.331","9691.331"
"8754","9209.706","9209.706","9209.706","9925.708","9925.708","9925.708"
"8767","8860.319","8860.319","8860.319","9838.786","9838.786","9838.786"
"8780","9350.392","9350.392","9350.392","9919.019","9919.019","9919.019"
"8793","9313.374","9313.374","9313.374","9963.175","9963.175","9963.175"
"8806","8953.239","8953.239","8953.239","9338.824","9338.824","9338.824"
"8819","9446.164","9446.164","9446.164","9552.323","9552.323","9552.323"
"8832","9430.652","9430.652","9430.652","9972.554","9972.554","9972.554"
"8845","9284.889","9284.889","9284.889","9799.17","9799.17","9799.17"
"8858","9580.265","9580.265","9580.265","9926.333","9926.333","9926.333"
"8871","9158.243","9158.243","9158.243","9803.506","9803.506","9803.506"
"8884","9411.595","9411.595","9411.595","9749.688","9749.688","9749.688"
"8897","9374.498","9374.498","9374.498","10355.157","10355.157","10355.157"
"8910","9328.301","9328.301","9328.301","9926.791","9926.791","9926.791"
"8923","9154.758","9154.758","9154.758","9525.3545","9525.3545","9525.3545"
"8936","9244.405","9244.405","9244.405","9748.805","9748.805","9748.805"
"8949","9788.636","9788.636","9788.636","9986.162","9986.162","9986.162"
"8962","9406.754","9406.754","9406.754","10120.281","10120.281","10120.281"
"8975","9419.635","9419.635","9419.635","9952.22","9952.22","9952.22"
"8988","9454.228","9454.228","9454.228","10176.707","10176.707","10176.707"
"9001","9406.541","9406.541","9406.541","10334.493","10334.493","10334.493"
"9014","8838.498","8838.498","8838.498","10392.89","10392.89","10392.89"
"9027","9511.152","9511.152","9511.152","10581.885","10581.885","10581.885"
"9040","9871.032","9871.032","9871.032","10315.548","10315.548","10315.548"
"9053","10011.179","10011.179","10011.179","10326.856","10326.856","10326.856"
"9066","9726.3545","9726.3545","9726.3545","10401.892","10401.892","10401.892"
"9079","9348.835","9348.835","9348.835","10222.892","10222.892","10222.892"
"9092","9640.932","9640.932","9640.932","9984.093","9984.093","9984.093"
"9105","9968.97","9968.97","9968.97","10573.6455","10573.6455","10573.6455"
"9118","9317.616","9317.616","9317.616","10469.137","10469.137","10469.137"
"9131","9541.34","9541.34","9541.34","10317.827","10317.827","10317.827"
"9144","9897.338","9897.338","9897.338","10513.282","10513.282","10513.282"
"9157","9702.856","9702.856","9702.856","10482.968","10482.968","10482.968"
"9170","9799.897","9799.897","9799.897","10416.36","10416.36","10416.36"
"9183","9592.358","9592.358","9592.358","10527.069","10527.069","10527.069"
"9196","9831.325","9831.325","9831.325","10291.701","10291.701","10291.701"
"9209","9807.5625","9807.5625","9807.5625","10070.332","10070.332","10070.332"
"9222","9712.687","9712.687","9712.687","10405.077","10405.077","10405.077"
"9235","9550.224","9550.224","9550.224","10713.337","10713.337","10713.337"
"9248","9552.66","9552.66","9552.66","10715.407","10715.407","10715.407"
"9261","9450.163","9450.163","9450.163","10874.364","10874.364","10874.364"
"9274","9466.79","9466.79","9466.79","10672.246","10672.246","10672.246"
"9287","9691.834","9691.834","9691.834","10398.749","10398.749","10398.749"
"9300","9608.692","9608.692","9608.692","10406.229","10406.229","10406.229"
"9313","9737.429","9737.429","9737.429","10610.3955","10610.3955","10610.3955"
"9326","9653.118","9653.118","9653.118","10434.18","10434.18","10434.18"
"9339","9747.515","9747.515","9747.515","10825.357","10825.357","10825.357"
"9352","9705.9795","9705.9795","9705.9795","10932.881","10932.881","10932.881"
"9365","10108.008","10108.008","10108.008","11073.671","11073.671","11073.671"
"9378","9815.355","9815.355","9815.355","11031.369","11031.369","11031.369"
"9391","9827.1","9827.1","9827.1","10413.824","10413.824","10413.824"
"9404","9874.377","9874.377","9874.377","10571.365","10571.365","10571.365"
"9417","9929.571","9929.571","9929.571","10873.924","10873.924","10873.924"
"9430","9834.77","9834.77","9834.77","10625.065","10625.065","10625.065"
"9443","9853.762","9853.762","9853.762","10623.568","10623.568","10623.568"
"9456","10024.678","10024.678","10024.678","10955.561","10955.561","10955.561"
"9469","9966.188","9966.188","9966.188","10709.442","10709.442","10709.442"
"9482","9820.02","9820.02","9820.02","10730.796","10730.796","10730.796"
"9495","9806.449","9806.449","9806.449","10724.1045","10724.1045","10724.1045"
"9508","9934.349","9934.349","9934.349","10533.13","10533.13","10533.13"
"9521","9797.741","9797.741","9797.741","10660.092","10660.092","10660.092"
"9534","9346.139","9346.139","9346.139","10865.03","10865.03","10865.03"
"9547","9354.2295","9354.2295","9354.2295","10916.059","10916.059","10916.059"
"9560","9665.999","9665.999","9665.999","10935.42","10935.42","10935.42"
"9573","9915.456","9915.456","9915.456","10748.4795","10748.4795","10748.4795"
"9586","9524.083","9524.083","9524.083","10965.929","10965.929","10965.929"
"9599","9684.545","9684.545","9684.545","10857.235","10857.235","10857.235"
"9612","9976.921","9976.921","9976.921","10716.072","10716.072","10716.072"
"9625","9417.223","9417.223","9417.223","10456.09","10456.09","10456.09"
"9638","9986.204","9986.204","9986.204","9966.579","9966.579","9966.579"
"9651","10028.749","10028.749","10028.749","9918.817","9918.817","9918.817"
"9664","10063.38","10063.38","10063.38","10540.505","10540.505","10540.505"
"9677","9763.46","9763.46","9763.46","9969.009","9969.009","9969.009"
"9690","10011.926","10011.926","10011.926","10488.836","10488.836","10488.836"
"9703","10064.172","10064.172","10064.172","10728.711","10728.711","10728.711"
"9716","9925.36","9925.36","9925.36","10932.832","10932.832","10932.832"
"9729","10218.301","10218.301","10218.301","10563.83","10563.83","10563.83"
"9742","10237.985","10237.985","10237.985","10645.297","10645.297","10645.297"
"9755","9904.736","9904.736","9904.736","10777.631","10777.631","10777.631"
"9768","10099.839","10099.839","10099.839","10709.186","10709.186","10709.186"
"9781","9795.752","9795.752","9795.752","10755.122","10755.122","10755.122"
"9794","9455.996","9455.996","9455.996","10442.237","10442.237","10442.237"
"9807","10098.911","10098.911","10098.911","10697.109","10697.109","10697.109"
"9820","10446.914","10446.914","10446.914","10826.957","10826.957","10826.957"
"9833","9676.887","9676.887","9676.887","10852.147","10852.147","10852.147"
"9846","9326.749","9326.749","9326.749","10947.651","10947.651","10947.651"
"9859","9664.67","9664.67","9664.67","10398.122","10398.122","10398.122"
"9872","9695.117","9695.117","9695.117","10384.896","10384.896","10384.896"
"9885","9722.827","9722.827","9722.827","10679.269","10679.269","10679.269"
"9898","9613.604","9613.604","9613.604","11222.792","11222.792","11222.792"
"9911","9972.637","9972.637","9972.637","10768.717","10768.717","10768.717"
"9924","9916.471","9916.471","9916.471","","",""
"9937","9923.7705","9923.7705","9923.7705","","",""
"9950","9722.184","9722.184","9722.184","","",""
"9963","10002.012","10002.012","10002.012","","",""
"9976","9919.92","9919.92","9919.92","","",""
"9989","10015.028","10015.028","10015.028","","",""
"10002","9913.61","9913.61","9913.61","","",""
"10015","10006.171","10006.171","10006.171","","",""
"10028","10009.628","10009.628","10009.628","","",""
"10041","10157.3955","10157.3955","10157.3955","","",""
"10054","9821.341","9821.341","9821.341","","",""
"10067","9642.98","9642.98","9642.98","","",""
"10080","10293.175","10293.175","10293.175","","",""
"10093","9982.694","9982.694","9982.694","","",""
"10106","9485.594","9485.594","9485.594","","",""
"10119","9736.263","9736.263","9736.263","","",""
"10132","10115.917","10115.917","10115.917","","",""
"10145","9650.041","9650.041","9650.041","","",""
"10158","9781.256","9781.256","9781.256","","",""
"10171","9996.939","9996.939","9996.939","","",""
"10184","10128.717","10128.717","10128.717","","",""
"10197","9867.229","9867.229","9867.229","","",""
"10210","10173.633","10173.633","10173.633","","",""
"10223","10023.761","10023.761","10023.761","","",""
"10236","10220.063","10220.063","10220.063","","",""
"10249","10059.254","10059.254","10059.254","","",""
"10262","10128.419","10128.419","10128.419","","",""
"10275","10074.077","10074.077","10074.077","","",""
"10288","9820.797","9820.797","9820.797","","",""
"10301","9759.157","9759.157","9759.157","","",""
"10314","10105.4795","10105.4795","10105.4795","","",""
"10327","10177.474","10177.474","10177.474","","",""
"10340","10147.359","10147.359","10147.359","","",""
"10353","9980.038","9980.038","9980.038","","",""
"10366","10024.093","10024.093","10024.093","","",""
"10379","10306.884","10306.884","10306.884","","",""
"10392","10155.899","10155.899","10155.899","","",""